date,code,name,action,price,execution_price,position_change_pct,reason,phase,realized_account_pct,execution_quantity,cost_basis,trade_side,quantity,trade_amount,commission_amount,stamp_duty_amount,slippage_amount,transaction_cost_amount,allocated_entry_fee_amount,cost_amount,gross_pnl_amount,profit_loss_amount,profit_loss_pct,cash_change_amount,requested_position_pct,cash_limited,lot_rounded,board_lot_size,selection_reason,trade_basis_score,trade_basis_reason,technical_alignment,ima_web_validation,structure_ratio,anchor_low,anchor_high,anchor_low_date,anchor_high_date,signal_type,anchor_pullback_low,anchor_pullback_low_date,gap_up
2024-09-25,sh.601628,中国人寿,右侧买入,36.17,36.17,19.89,R1; 直接突破首仓; 价格突破21日收盘高点; gap_breakout,waiting,-0.0116,5500.0,36.17,买入,5500.0,198935.0,16.91,0.0,99.47,116.38,0.0,,,-116.38,-0.0585,-199051.38,20.0,False,True,100.0,主流标准基本面模型入选；MA20/MA60同步上扬；收盘站上MA20；距离21日收盘高点3%以内；量能高于5/10日基准1.61倍；多周期均量扣低走高；基本面硬条件通过且多周期强度居前；20日强度+14.8%；60日强度+20.1%；120日强度+30.9%；距120日高点+0.0%；MA20/MA60同步上扬；收盘站上MA20；距离21日收盘高点3%以内；量能高于5/10日基准1.61倍；多周期均量扣低走高,12.0,MA20/MA60同步上扬；收盘站上MA20；距离21日收盘高点3%以内；量能高于5/10日基准1.61倍；多周期均量扣低走高,trade_ready,aligned,,,,,,,,,
2024-10-09,sz.300394,天孚通信,右侧买入,60.6,60.6,20.0,R2; 直接突破首仓; 价格突破21日收盘高点; intraday_breakout,active,-0.0117,3300.0,60.6,买入,3300.0,199980.0,17.0,0.0,99.99,116.99,0.0,,,-116.99,-0.0585,-200096.99,20.0,False,True,100.0,基本价值线模型入选；MA20/MA60同步上扬；收盘站上MA20；距离21日收盘高点3%以内；量能高于5/10日基准1.61倍；多周期均量扣低走高；基本面硬条件通过且多周期强度居前；20日强度+57.0%；60日强度+38.3%；120日强度+6.4%；距120日高点-0.9%；MA20/MA60同步上扬；收盘站上MA20；距离21日收盘高点3%以内；量能高于5/10日基准1.61倍；多周期均量扣低走高,12.0,MA20/MA60同步上扬；收盘站上MA20；距离21日收盘高点3%以内；量能高于5/10日基准1.61倍；多周期均量扣低走高,trade_ready,aligned,,,,,,,,,
2024-10-10,sz.300394,天孚通信,突破次日未确认退出,56.27,56.27,-20.0,R2; 开盘未站上60.600; gap_stop,active,-1.449,-3300.0,60.6,卖出,3300.0,185691.0,15.78,92.85,92.85,201.47,116.99,199980.0,-14289.0,-14607.46,-7.3002,185489.53,,,,,,,,,,,,,,,,,,
2024-10-10,sh.601628,中国人寿,右侧买入,41.67,41.67,9.58,R3; 浮盈加仓50%; 上涨波段75.0%拉回支撑; 共振=MA5; gap_or_open_fill,active,-0.0056,2300.0,41.67,买入,2300.0,95841.0,8.15,0.0,47.92,56.07,0.0,,,-56.07,-0.0585,-95897.07,9.94675,False,True,100.0,主流标准基本面模型入选；MA20/MA60同步上扬；收盘站上MA20；量能高于5/10日基准2.08倍；多周期均量扣低走高；基本面硬条件通过且多周期强度居前；20日强度+27.5%；60日强度+46.0%；120日强度+58.3%；距120日高点-10.0%；MA20/MA60同步上扬；收盘站上MA20；量能高于5/10日基准2.08倍；多周期均量扣低走高,9.0,MA20/MA60同步上扬；收盘站上MA20；量能高于5/10日基准2.08倍；多周期均量扣低走高,trade_ready,aligned,0.75,27.88,46.6,2024-08-12,2024-10-08,uptrend_support_pullback,,,
2024-10-10,sz.002371,北方华创,右侧买入,306.75,306.75,18.4,R4; 直接突破首仓; 价格突破21日收盘高点; gap_breakout,active,-0.0108,600.0,306.75,买入,600.0,184050.0,15.64,0.0,92.03,107.67,0.0,,,-107.67,-0.0585,-184157.67,20.0,False,True,100.0,基本面硬条件通过且多周期强度居前；20日强度+31.7%；60日强度+27.9%；120日强度+35.7%；距120日高点+0.0%；MA20/MA60同步上扬；收盘站上MA20；距离21日收盘高点3%以内；量能高于5/10日基准2.27倍；多周期均量扣低走高,12.0,MA20/MA60同步上扬；收盘站上MA20；距离21日收盘高点3%以内；量能高于5/10日基准2.27倍；多周期均量扣低走高,trade_ready,aligned,,,,,,,,,
2024-10-11,sz.002371,北方华创,突破次日未确认退出,280.69,280.69,-18.4,R4; 开盘未站上299.000; gap_stop,active,-1.5819,-600.0,306.75,卖出,600.0,168414.0,14.32,84.21,84.21,182.73,107.67,184050.0,-15636.0,-15926.4,-8.6482,168231.27,,,,,,,,,,,,,,,,,,
2024-10-11,sh.601628,中国人寿,收盘条件退出,41.11,41.11,-9.58,R3; condition stop; 14:55/close proxy,active,-0.1391,-2300.0,41.67,卖出,2300.0,94553.0,8.04,47.28,47.28,102.59,56.07,95841.0,-1288.0,-1446.66,-1.5086,94450.41,,,,,,,,,,,,,,,,,,
2024-10-11,sh.605499,东鹏饮料,右侧买入,162.68,162.68,19.52,R5; 直接突破首仓; 价格突破21日收盘高点; intraday_breakout,active,-0.0114,1200.0,162.68,买入,1200.0,195216.0,16.59,0.0,97.61,114.2,0.0,,,-114.2,-0.0585,-195330.2,20.0,False,True,100.0,基本面硬条件通过且多周期强度居前；20日强度+21.5%；60日强度+36.3%；120日强度+52.5%；距120日高点-0.5%；MA20/MA60同步上扬；收盘站上MA20；距离21日收盘高点3%以内；多周期均量扣低走高,10.0,MA20/MA60同步上扬；收盘站上MA20；距离21日收盘高点3%以内；多周期均量扣低走高,trade_ready,aligned,,,,,,,,,
2024-10-15,sh.605499,东鹏饮料,收盘条件退出,162.47,162.47,-19.52,R5; condition stop; 14:55/close proxy,active,-0.0464,-1200.0,162.68,卖出,1200.0,194964.0,16.57,97.48,97.48,211.54,114.2,195216.0,-252.0,-577.74,-0.2958,194752.46,,,,,,,,,,,,,,,,,,
2024-10-15,sh.601628,中国人寿,右侧买入,41.64,41.64,9.58,R6; 浮盈加仓50%; 上涨波段75.0%拉回支撑; 共振=MA5; gap_or_open_fill,active,-0.0056,2300.0,41.64,买入,2300.0,95772.0,8.14,0.0,47.89,56.03,0.0,,,-56.03,-0.0585,-95828.03,9.94675,False,True,100.0,主流标准基本面模型入选；MA20/MA60同步上扬；收盘站上MA20；多周期均量扣低走高；基本面硬条件通过且多周期强度居前；20日强度+29.0%；60日强度+42.7%；120日强度+68.2%；距120日高点-9.1%；MA20/MA60同步上扬；收盘站上MA20；多周期均量扣低走高,7.0,MA20/MA60同步上扬；收盘站上MA20；多周期均量扣低走高,trade_ready,aligned,0.75,29.67,46.6,2023-07-21,2024-10-08,uptrend_support_pullback,,,
2024-10-15,sh.688578,艾力斯,右侧买入,53.165,53.16499999999999,19.14,R7; 33未三日下行首仓; 回调波段50%向上突破; intraday_breakout,active,-0.0112,3600.0,53.16499999999999,买入,3600.0,191394.0,16.27,0.0,95.7,111.97,0.0,,,-111.97,-0.0585,-191505.97,20.0,False,True,200.0,基本价值线模型入选；MA20上扬；收盘站上MA20；多周期均量扣低走高,5.0,MA20上扬；收盘站上MA20；多周期均量扣低走高,watch,aligned,0.5,27.82,67.07,2023-09-08,2024-05-07,pullback_50_breakout,39.26,2024-09-23,False
2024-10-16,sh.688578,艾力斯,突破次日未确认退出,49.78,49.78,-19.14,R7; 开盘未站上53.165; gap_stop,active,-1.238,-3600.0,53.16499999999999,卖出,3600.0,179208.0,15.23,89.6,89.6,194.44,111.97,191394.0,-12186.0,-12492.41,-6.5232,179013.56,,,,,,,,,,,,,,,,,,
2024-10-16,sh.601628,中国人寿,收盘条件退出,41.34,41.34,-9.58,R6; condition stop; 14:55/close proxy,active,-0.0793,-2300.0,41.64,卖出,2300.0,95082.0,8.08,47.54,47.54,103.16,56.03,95772.0,-690.0,-849.19,-0.8862,94978.84,,,,,,,,,,,,,,,,,,
2024-10-17,sh.601628,中国人寿,右侧买入,41.24,41.24,9.9,"R8; 浮盈加仓50%; 上涨波段75.0%拉回支撑; 共振=MA5,MA10; intraday_cross",active,-0.0058,2400.0,41.24,买入,2400.0,98976.0,8.41,0.0,49.49,57.9,0.0,,,-57.9,-0.0585,-99033.9,9.94675,False,True,100.0,主流标准基本面模型入选；MA20/MA60同步上扬；收盘站上MA20；基本面硬条件通过且多周期强度居前；20日强度+27.2%；60日强度+36.4%；120日强度+60.5%；距120日高点-11.3%；MA20/MA60同步上扬；收盘站上MA20,6.0,MA20/MA60同步上扬；收盘站上MA20,watch,aligned,0.75,25.16,46.6,2024-04-12,2024-10-08,uptrend_support_pullback,,,
2024-10-21,sz.002371,北方华创,右侧买入,302.55,302.55,18.15,R9; 直接突破首仓; 价格突破21日收盘高点; gap_breakout,active,-0.0106,600.0,302.55,买入,600.0,181530.0,15.43,0.0,90.77,106.2,0.0,,,-106.2,-0.0585,-181636.2,20.0,False,True,100.0,基本面硬条件通过且多周期强度居前；20日强度+33.5%；60日强度+15.4%；120日强度+31.8%；距120日高点-0.9%；MA20/MA60同步上扬；收盘站上MA20；距离21日收盘高点3%以内；多周期均量扣低走高,10.0,MA20/MA60同步上扬；收盘站上MA20；距离21日收盘高点3%以内；多周期均量扣低走高,trade_ready,aligned,,,,,,,,,
2024-10-22,sz.002371,北方华创,突破次日未确认退出,287.97,287.97,-18.15,R9; 开盘未站上299.000; gap_stop,active,-0.8935,-600.0,302.55,卖出,600.0,172782.0,14.69,86.39,86.39,187.47,106.2,181530.0,-8748.0,-9041.66,-4.9779,172594.53,,,,,,,,,,,,,,,,,,
2024-10-22,sz.300394,天孚通信,右侧买入,60.6,60.6,20.0,R10; 直接突破首仓; 价格突破21日收盘高点; intraday_breakout,active,-0.0117,3300.0,60.6,买入,3300.0,199980.0,17.0,0.0,99.99,116.99,0.0,,,-116.99,-0.0585,-200096.99,20.0,False,True,100.0,基本价值线模型入选；MA20/MA60同步上扬；收盘站上MA20；量能高于5/10日基准1.67倍；多周期均量扣低走高；基本面硬条件通过且多周期强度居前；20日强度+54.9%；60日强度+18.7%；120日强度-0.9%；距120日高点-5.4%；MA20/MA60同步上扬；收盘站上MA20；量能高于5/10日基准1.67倍；多周期均量扣低走高,9.0,MA20/MA60同步上扬；收盘站上MA20；量能高于5/10日基准1.67倍；多周期均量扣低走高,trade_ready,aligned,,,,,,,,,
2024-10-23,sz.300394,天孚通信,收盘条件退出,59.69,59.69,-20.0,R10; condition stop; 14:55/close proxy,active,-0.3217,-3300.0,60.6,卖出,3300.0,196977.0,16.74,98.49,98.49,213.72,116.99,199980.0,-3003.0,-3333.71,-1.666,196763.28,,,,,,,,,,,,,,,,,,
2024-10-24,sz.300394,天孚通信,右侧买入,62.28,62.28,19.93,R11; 直接突破首仓; 价格突破21日收盘高点; intraday_breakout,active,-0.0117,3200.0,62.28,买入,3200.0,199296.0,16.94,0.0,99.65,116.59,0.0,,,-116.59,-0.0585,-199412.59,20.0,False,True,100.0,基本价值线模型入选；MA20/MA60同步上扬；收盘站上MA20；量能高于5/10日基准1.38倍；多周期均量扣低走高；基本面硬条件通过且多周期强度居前；20日强度+57.0%；60日强度+28.2%；120日强度+5.7%；距120日高点-4.2%；MA20/MA60同步上扬；收盘站上MA20；量能高于5/10日基准1.38倍；多周期均量扣低走高,9.0,MA20/MA60同步上扬；收盘站上MA20；量能高于5/10日基准1.38倍；多周期均量扣低走高,trade_ready,aligned,,,,,,,,,
2024-10-30,sh.601628,中国人寿,收盘条件退出,40.81,40.81,-9.9,R8; condition stop; 14:55/close proxy,active,-0.1138,-2400.0,41.24,卖出,2400.0,97944.0,8.33,48.97,48.97,106.27,57.9,98976.0,-1032.0,-1196.17,-1.2078,97837.73,,,,,,,,,,,,,,,,,,
2024-11-04,sh.601628,中国人寿,右侧买入,40.48,40.480000000000004,9.72,R12; 浮盈加仓50%; 上涨波段50.0%拉回支撑; 共振=MA5; intraday_cross,active,-0.0057,2400.0,40.480000000000004,买入,2400.0,97152.0,8.26,0.0,48.58,56.83,0.0,,,-56.83,-0.0585,-97208.83,9.94675,False,True,100.0,主流标准基本面模型入选；MA20/MA60同步上扬；贴近上扬MA20支撑；多周期均量扣低走高,7.0,MA20/MA60同步上扬；贴近上扬MA20支撑；多周期均量扣低走高,trade_ready,aligned,0.5,34.36,46.6,2023-08-03,2024-10-08,uptrend_support_pullback,,,
2024-11-08,sh.601628,中国人寿,右侧买入,48.99,48.99,9.8,R13; 浮盈加仓33%; 价格突破21日收盘高点; gap_breakout,active,-0.0057,2000.0,48.99,买入,2000.0,97980.0,8.33,0.0,48.99,57.32,0.0,,,-57.32,-0.0585,-98037.32,9.869566666666666,False,True,100.0,主流标准基本面模型入选；MA20/MA60同步上扬；收盘站上MA20；距离21日收盘高点3%以内；量能高于5/10日基准1.70倍；多周期均量扣低走高；基本面硬条件通过且多周期强度居前；20日强度+11.7%；60日强度+61.8%；120日强度+58.1%；距120日高点+0.0%；MA20/MA60同步上扬；收盘站上MA20；距离21日收盘高点3%以内；量能高于5/10日基准1.70倍；多周期均量扣低走高,12.0,MA20/MA60同步上扬；收盘站上MA20；距离21日收盘高点3%以内；量能高于5/10日基准1.70倍；多周期均量扣低走高,trade_ready,aligned,,,,,,,,,
2024-11-08,sz.300394,天孚通信,右侧买入,69.05,69.05,6.21,R14; 浮盈加仓33%; 价格突破21日收盘高点; gap_breakout,active,-0.0036,900.0,69.05,买入,900.0,62145.0,5.28,0.0,31.07,36.35,0.0,,,-36.35,-0.0585,-62181.35,6.643199999999999,False,True,100.0,基本面硬条件通过且多周期强度居前；20日强度+29.4%；60日强度+59.8%；120日强度+43.6%；距120日高点+0.0%；MA20/MA60同步上扬；收盘站上MA20；距离21日收盘高点3%以内,9.0,MA20/MA60同步上扬；收盘站上MA20；距离21日收盘高点3%以内,trade_ready,aligned,,,,,,,,,
2024-11-11,sh.601628,中国人寿,突破次日未确认退出,46.6,46.6,-9.8,R13; 开盘未站上47.280; gap_stop,active,-0.4881,-2000.0,48.99,卖出,2000.0,93200.0,7.92,46.6,46.6,101.12,57.32,97980.0,-4780.0,-4938.44,-5.0373,93098.88,,,,,,,,,,,,,,,,,,
2024-11-11,sz.300394,天孚通信,收盘条件退出,65.63,65.63,-6.21,R14; condition stop; 14:55/close proxy,active,-0.3142,-900.0,69.05,卖出,900.0,59067.0,5.02,29.53,29.53,64.09,36.35,62145.0,-3078.0,-3178.44,-5.1116,59002.91,,,,,,,,,,,,,,,,,,
2024-11-11,sz.300394,天孚通信,统一分仓收盘止盈2份,65.63,65.63,-7.47,14:55/close proxy,active,0.3935,-1200.0,62.28,卖出,1200.0,78756.0,6.69,39.38,39.38,85.45,43.72,74736.0,4020.0,3890.83,5.2031,78670.55,,,,,,,,,,,,,,,,,,
2024-11-11,sz.301050,雷电微力,右侧买入,62.99,62.99,19.53,R15; 直接突破首仓; 价格突破21日收盘高点; gap_breakout,active,-0.0114,3100.0,62.99,买入,3100.0,195269.0,16.6,0.0,97.63,114.23,0.0,,,-114.23,-0.0585,-195383.23,20.0,False,True,100.0,基本面硬条件通过且多周期强度居前；20日强度+53.3%；60日强度+81.5%；120日强度+77.9%；距120日高点+0.0%；MA20/MA60同步上扬；收盘站上MA20；距离21日收盘高点3%以内；量能高于5/10日基准1.51倍；多周期均量扣低走高,12.0,MA20/MA60同步上扬；收盘站上MA20；距离21日收盘高点3%以内；量能高于5/10日基准1.51倍；多周期均量扣低走高,trade_ready,aligned,,,,,,,,,
2024-11-12,sz.301050,雷电微力,收盘条件退出,61.1,61.1,-19.53,R15; condition stop; 14:55/close proxy,active,-0.6065,-3100.0,62.99,卖出,3100.0,189410.0,16.1,94.7,94.7,205.51,114.23,195269.0,-5859.0,-6178.74,-3.1624,189204.49,,,,,,,,,,,,,,,,,,
2024-11-15,sz.300394,天孚通信,收盘条件退出,58.37,58.37,-12.46,R11; condition stop; 14:55/close proxy,active,-0.7947,-2000.0,62.28,卖出,2000.0,116740.0,9.92,58.37,58.37,126.66,72.87,124560.0,-7820.0,-8019.53,-6.4345,116613.34,,,,,,,,,,,,,,,,,,
2024-11-15,sz.300724,捷佳伟创,右侧买入,71.65,71.6505,19.35,R16; 33上行首仓; 上扬MA20/MA60结构回踩20日均线; intraday_cross,active,-0.0113,2700.0,71.6505,买入,2700.0,193456.35,16.44,0.0,96.73,113.17,0.0,,,-113.17,-0.0585,-193569.52,20.0,False,True,100.0,基本面硬条件通过且多周期强度居前；20日强度+29.2%；60日强度+61.2%；120日强度+16.4%；距120日高点-5.9%；MA20/MA60同步上扬；收盘站上MA20；多周期均量扣低走高,7.0,MA20/MA60同步上扬；收盘站上MA20；多周期均量扣低走高,trade_ready,aligned,,,,,,,,,
2024-11-18,sz.300724,捷佳伟创,收盘条件退出,67.63,67.63,-19.35,R16; condition stop; 14:55/close proxy,active,-1.1053,-2700.0,71.6505,卖出,2700.0,182601.0,15.52,91.3,91.3,198.12,113.17,193456.35,-10855.35,-11166.64,-5.7688,182402.88,,,,,,,,,,,,,,,,,,
2024-11-18,sh.688408,中信博,右侧买入,85.845,85.845,29.19,R17; 33未三日下行首仓; 回调波段50%向上突破; intraday_breakout,active,-0.0171,3400.0,85.845,买入,3400.0,291873.0,24.81,0.0,145.94,170.75,0.0,,,-170.75,-0.0585,-292043.75,30.0,False,True,200.0,基本面硬条件通过且多周期强度居前；20日强度+3.2%；60日强度+52.3%；120日强度+29.5%；距120日高点-11.5%；MA20/MA60同步上扬；收盘站上MA20；距离21日收盘高点3%以内,9.0,MA20/MA60同步上扬；收盘站上MA20；距离21日收盘高点3%以内,trade_ready,aligned,0.5,42.13,98.46,2024-01-08,2024-10-08,pullback_50_breakout,73.23,2024-10-11,False
2024-11-18,sh.601628,中国人寿,右侧买入,43.163,43.1625,14.68,R18; 浮盈加仓50%; 上涨波段75.0%拉回支撑; 共振=MA20; intraday_cross,active,-0.0086,3400.0,43.1625,买入,3400.0,146752.5,12.47,0.0,73.38,85.85,0.0,,,-85.85,-0.0585,-146838.35,14.80435,False,True,100.0,基本面硬条件通过且多周期强度居前；20日强度+2.8%；60日强度+52.4%；120日强度+37.0%；距120日高点-8.6%；MA20/MA60同步上扬；收盘站上MA20,6.0,MA20/MA60同步上扬；收盘站上MA20,watch,aligned,0.75,25.68,48.99,2023-12-27,2024-11-08,uptrend_support_pullback,,,
2024-11-19,sh.688408,中信博,突破次日未确认退出,80.68,80.68,-29.19,R17; 开盘未站上85.845; gap_stop,active,-1.7859,-3400.0,85.845,卖出,3400.0,274312.0,23.32,137.16,137.16,297.63,170.75,291873.0,-17561.0,-18029.37,-6.1735,274014.37,,,,,,,,,,,,,,,,,,
2024-11-19,sh.601628,中国人寿,收盘条件退出,42.85,42.85,-14.68,R18; condition stop; 14:55/close proxy,active,-0.1221,-3400.0,43.1625,卖出,3400.0,145690.0,12.38,72.84,72.84,158.07,85.85,146752.5,-1062.5,-1306.42,-0.8897,145531.93,,,,,,,,,,,,,,,,,,
2024-11-20,sh.601628,中国人寿,右侧买入,42.65,42.65,14.5,"R19; 浮盈加仓50%; 上涨波段75.0%拉回支撑; 共振=MA5,MA20; gap_or_open_fill",active,-0.0085,3400.0,42.65,买入,3400.0,145010.0,12.33,0.0,72.5,84.83,0.0,,,-84.83,-0.0585,-145094.83,14.80435,False,True,100.0,基本面硬条件通过且多周期强度居前；20日强度+1.8%；60日强度+45.1%；120日强度+37.8%；距120日高点-9.4%；MA20/MA60同步上扬；贴近上扬MA20支撑,6.0,MA20/MA60同步上扬；贴近上扬MA20支撑,watch,aligned,0.75,23.83,48.99,2024-01-23,2024-11-08,uptrend_support_pullback,,,
2024-11-22,sh.601628,中国人寿,收盘条件退出,40.4,40.4,-9.72,R12; condition stop; 14:55/close proxy,active,-0.0297,-2400.0,40.480000000000004,卖出,2400.0,96960.0,8.24,48.48,48.48,105.2,56.83,97152.0,-192.0,-354.04,-0.3642,96854.8,,,,,,,,,,,,,,,,,,
2024-11-22,sh.601628,中国人寿,收盘条件退出,40.4,40.4,-14.5,R19; condition stop; 14:55/close proxy,active,-0.7799,-3400.0,42.65,卖出,3400.0,137360.0,11.68,68.68,68.68,149.04,84.83,145010.0,-7650.0,-7883.87,-5.4336,137210.96,,,,,,,,,,,,,,,,,,
2024-11-26,sh.601628,中国人寿,统一分仓收盘止盈2份,39.93,39.93,-7.96,14:55/close proxy,active,0.8177,-2200.0,36.17,卖出,2200.0,87846.0,7.47,43.92,43.92,95.31,46.55,79574.0,8272.0,8130.14,10.2111,87750.69,,,,,,,,,,,,,,,,,,
2024-12-19,sz.300866,安克创新,右侧买入,89.92,89.92,19.78,R20; 直接突破首仓; 价格突破21日收盘高点; intraday_breakout,watch,-0.0116,2200.0,89.92,买入,2200.0,197824.0,16.82,0.0,98.91,115.73,0.0,,,-115.73,-0.0585,-197939.73,20.0,False,True,100.0,基本面硬条件通过且多周期强度居前；20日强度+12.0%；60日强度+34.9%；120日强度+30.4%；距120日高点-2.8%；MA20/MA60同步上扬；收盘站上MA20；距离21日收盘高点3%以内；量能高于5/10日基准1.36倍；多周期均量扣低走高,12.0,MA20/MA60同步上扬；收盘站上MA20；距离21日收盘高点3%以内；量能高于5/10日基准1.36倍；多周期均量扣低走高,trade_ready,aligned,,,,,,,,,
2025-01-03,sz.300866,安克创新,收盘条件退出,88.12,88.12,-19.78,R20; condition stop; 14:55/close proxy,watch,-0.417,-2200.0,89.92,卖出,2200.0,193864.0,16.48,96.93,96.93,210.34,115.73,197824.0,-3960.0,-4286.07,-2.1653,193653.66,,,,,,,,,,,,,,,,,,
2025-01-07,sh.601628,中国人寿,统一分仓收盘止盈1份,37.67,37.67,-3.98,14:55/close proxy,watch,0.1604,-1100.0,36.17,卖出,1100.0,41437.0,5.0,20.72,20.72,46.44,23.28,39787.0,1650.0,1580.29,3.9695,41390.56,,,,,,,,,,,,,,,,,,
2025-04-07,sh.601628,中国人寿,止损清仓,32.553,32.553,-7.96,R1; hard space stop 32.553; intraday_stop,exited,-0.8035,-2200.0,36.17,卖出,2200.0,71616.6,6.09,35.81,35.81,77.7,46.55,79574.0,-7957.4,-8081.65,-10.1502,71538.9,,,,,,,,,,,,,,,,,,
2025-04-08,sz.301291,明阳电气,右侧买入,38.23,38.230000000000004,19.88,R21; 33未三日下行首仓; 上涨波段50%有效跌破后重新突破; intraday_breakout,exited,-0.0116,5200.0,38.230000000000004,买入,5200.0,198796.0,16.9,0.0,99.4,116.3,0.0,,,-116.3,-0.0585,-198912.3,20.0,False,True,100.0,基本价值线模型入选；量能高于5/10日基准1.35倍；多周期均量扣低走高,3.0,量能高于5/10日基准1.35倍；多周期均量扣低走高,fundamental_only,needs_price_confirmation,0.5,20.92,55.54,2024-02-06,2025-02-21,uptrend_50_reclaim,,,False
2025-04-09,sz.301291,明阳电气,突破次日未确认退出,36.83,36.83,-19.88,R21; 开盘未站上38.230; gap_stop,exited,-0.7488,-5200.0,38.230000000000004,卖出,5200.0,191516.0,16.28,95.76,95.76,207.79,116.3,198796.0,-7280.0,-7604.09,-3.8228,191308.21,,,,,,,,,,,,,,,,,,
2025-04-09,sz.000403,派林生物,右侧买入,19.35,19.35,19.93,R22; 直接突破首仓; 价格突破21日收盘高点; intraday_breakout,exited,-0.0117,10300.0,19.35,买入,10300.0,199305.0,16.94,0.0,99.65,116.59,0.0,,,-116.59,-0.0585,-199421.59,20.0,False,True,100.0,基本面硬条件通过且多周期强度居前；20日强度+21.3%；60日强度+17.8%；120日强度+9.1%；距120日高点+0.0%；MA20/MA60同步上扬；收盘站上MA20；距离21日收盘高点3%以内；量能高于5/10日基准2.98倍；多周期均量扣低走高,12.0,MA20/MA60同步上扬；收盘站上MA20；距离21日收盘高点3%以内；量能高于5/10日基准2.98倍；多周期均量扣低走高,trade_ready,aligned,,,,,,,,,
2025-04-10,sz.000403,派林生物,突破次日未确认退出,18.33,18.33,-19.93,R22; 开盘未站上19.350; gap_stop,exited,-1.0711,-10300.0,19.35,卖出,10300.0,188799.0,16.05,94.4,94.4,204.85,116.59,199305.0,-10506.0,-10827.44,-5.4294,188594.15,,,,,,,,,,,,,,,,,,
2025-04-10,sh.603129,春风动力,右侧买入,149.65,149.65,19.45,R23; 33三日下行试错首仓; 上涨波段50%有效跌破后重新突破; 跳空向上加分; gap_breakout,exited,-0.0114,1300.0,149.65,买入,1300.0,194545.0,16.54,0.0,97.27,113.81,0.0,,,-113.81,-0.0585,-194658.81,20.0,False,True,100.0,基本价值线模型入选；量能高于5/10日基准1.57倍；多周期均量扣低走高,3.0,量能高于5/10日基准1.57倍；多周期均量扣低走高,fundamental_only,needs_price_confirmation,0.5,86.76,208.63,2024-02-21,2025-02-11,uptrend_50_reclaim,,,True
2025-04-14,sh.603129,春风动力,收盘条件退出,145.65,145.65,-19.45,R23; condition stop; 14:55/close proxy,exited,-0.5405,-1300.0,149.65,卖出,1300.0,189345.0,16.09,94.67,94.67,205.44,113.81,194545.0,-5200.0,-5519.25,-2.8353,189139.56,,,,,,,,,,,,,,,,,,
2025-04-14,sh.688019,安集科技,右侧买入,101.51,101.51,18.27,R24; 直接突破首仓; 价格突破21日收盘高点; gap_breakout,exited,-0.0107,1800.0,101.51,买入,1800.0,182718.0,15.53,0.0,91.36,106.89,0.0,,,-106.89,-0.0585,-182824.89,20.0,False,True,200.0,基本面硬条件通过且多周期强度居前；20日强度+11.2%；60日强度+30.0%；120日强度+31.9%；距120日高点+0.0%；收盘站上MA20；距离21日收盘高点3%以内；量能高于5/10日基准1.51倍；多周期均量扣低走高,8.0,收盘站上MA20；距离21日收盘高点3%以内；量能高于5/10日基准1.51倍；多周期均量扣低走高,trade_ready,aligned,,,,,,,,,
2025-04-15,sh.688019,安集科技,突破次日未确认退出,101.04,101.04,-18.27,R24; 开盘未站上101.510; gap_stop,exited,-0.1043,-1800.0,101.51,卖出,1800.0,181872.0,15.46,90.94,90.94,197.33,106.89,182718.0,-846.0,-1150.22,-0.6291,181674.67,,,,,,,,,,,,,,,,,,
2025-04-15,sh.688617,惠泰医疗,右侧买入,296.11,296.11,17.77,R25; 直接突破首仓; 价格突破21日收盘高点; intraday_breakout,exited,-0.0104,600.0,296.11,买入,600.0,177666.0,15.1,0.0,88.83,103.93,0.0,,,-103.93,-0.0585,-177769.93,20.0,False,True,200.0,基本面硬条件通过且多周期强度居前；20日强度+18.4%；60日强度+28.4%；120日强度+19.4%；距120日高点-0.3%；MA20/MA60同步上扬；收盘站上MA20；距离21日收盘高点3%以内；多周期均量扣低走高,10.0,MA20/MA60同步上扬；收盘站上MA20；距离21日收盘高点3%以内；多周期均量扣低走高,trade_ready,aligned,,,,,,,,,
2025-04-18,sh.688617,惠泰医疗,收盘条件退出,296.0,296.0,-17.77,R25; condition stop; 14:55/close proxy,exited,-0.0259,-600.0,296.11,卖出,600.0,177600.0,15.1,88.8,88.8,192.7,103.93,177666.0,-66.0,-362.63,-0.204,177407.3,,,,,,,,,,,,,,,,,,
2025-04-18,sh.605499,东鹏饮料,右侧买入,211.9,211.9,19.07,R26; 直接突破首仓; 价格突破21日收盘高点; gap_breakout,exited,-0.0112,900.0,211.9,买入,900.0,190710.0,16.21,0.0,95.36,111.57,0.0,,,-111.57,-0.0585,-190821.57,20.0,False,True,100.0,基本面硬条件通过且多周期强度居前；20日强度+23.7%；60日强度+15.2%；120日强度+28.0%；距120日高点+0.0%；MA20/MA60同步上扬；收盘站上MA20；距离21日收盘高点3%以内；多周期均量扣低走高,10.0,MA20/MA60同步上扬；收盘站上MA20；距离21日收盘高点3%以内；多周期均量扣低走高,trade_ready,aligned,,,,,,,,,
2025-04-21,sh.605499,东鹏饮料,突破次日未确认退出,201.31,201.31,-19.07,R26; 开盘未站上211.330; gap_stop,exited,-0.9728,-900.0,211.9,卖出,900.0,181179.0,15.4,90.59,90.59,196.58,111.57,190710.0,-9531.0,-9839.14,-5.1562,180982.42,,,,,,,,,,,,,,,,,,
2025-04-21,sh.688019,安集科技,右侧买入,102.52,102.52,18.45,R27; 直接突破首仓; 价格突破21日收盘高点; intraday_breakout,exited,-0.0108,1800.0,102.52,买入,1800.0,184536.0,15.69,0.0,92.27,107.95,0.0,,,-107.95,-0.0585,-184643.95,20.0,False,True,200.0,基本面硬条件通过且多周期强度居前；20日强度+13.7%；60日强度+19.3%；120日强度+23.4%；距120日高点-0.6%；MA20/MA60同步上扬；收盘站上MA20；距离21日收盘高点3%以内,9.0,MA20/MA60同步上扬；收盘站上MA20；距离21日收盘高点3%以内,trade_ready,aligned,,,,,,,,,
2025-04-22,sh.688019,安集科技,突破次日未确认退出,102.48,102.48,-18.45,R27; 开盘未站上102.520; gap_stop,exited,-0.0272,-1800.0,102.52,卖出,1800.0,184464.0,15.68,92.23,92.23,200.14,107.95,184536.0,-72.0,-380.1,-0.2059,184263.86,,,,,,,,,,,,,,,,,,
2025-04-22,sh.605499,东鹏饮料,右侧买入,211.33,211.33,19.02,R28; 直接突破首仓; 价格突破21日收盘高点; intraday_breakout,exited,-0.0111,900.0,211.33,买入,900.0,190197.0,16.17,0.0,95.1,111.27,0.0,,,-111.27,-0.0585,-190308.27,20.0,False,True,100.0,基本面硬条件通过且多周期强度居前；20日强度+20.1%；60日强度+20.1%；120日强度+28.0%；距120日高点-0.6%；MA20/MA60同步上扬；收盘站上MA20；距离21日收盘高点3%以内,9.0,MA20/MA60同步上扬；收盘站上MA20；距离21日收盘高点3%以内,trade_ready,aligned,,,,,,,,,
2025-04-23,sh.605499,东鹏饮料,收盘条件退出,211.14,211.14,-19.02,R28; condition stop; 14:55/close proxy,exited,-0.0377,-900.0,211.33,卖出,900.0,190026.0,16.15,95.01,95.01,206.18,111.27,190197.0,-171.0,-488.44,-0.2567,189819.82,,,,,,,,,,,,,,,,,,
2025-04-23,sh.688578,艾力斯,右侧买入,88.99,88.99,19.58,R29; 直接突破首仓; 价格突破21日收盘高点; intraday_breakout,exited,-0.0115,2200.0,88.99,买入,2200.0,195778.0,16.64,0.0,97.89,114.53,0.0,,,-114.53,-0.0585,-195892.53,20.0,False,True,200.0,基本面硬条件通过且多周期强度居前；20日强度+16.0%；60日强度+29.5%；120日强度+57.2%；距120日高点-0.1%；MA20/MA60同步上扬；收盘站上MA20；距离21日收盘高点3%以内；多周期均量扣低走高,10.0,MA20/MA60同步上扬；收盘站上MA20；距离21日收盘高点3%以内；多周期均量扣低走高,trade_ready,aligned,,,,,,,,,
2025-04-24,sh.688578,艾力斯,突破次日未确认退出,85.11,85.11,-19.58,R29; 开盘未站上88.990; gap_stop,exited,-0.8739,-2200.0,88.99,卖出,2200.0,187242.0,15.92,93.62,93.62,203.16,114.53,195778.0,-8536.0,-8853.69,-4.5197,187038.84,,,,,,,,,,,,,,,,,,
2025-04-24,sh.605499,东鹏饮料,右侧买入,212.45,212.45,19.12,R30; 直接突破首仓; 价格突破21日收盘高点; intraday_breakout,exited,-0.0112,900.0,212.45,买入,900.0,191205.0,16.25,0.0,95.6,111.85,0.0,,,-111.85,-0.0585,-191316.85,20.0,False,True,100.0,基本面硬条件通过且多周期强度居前；20日强度+24.4%；60日强度+14.7%；120日强度+27.5%；距120日高点-0.6%；MA20/MA60同步上扬；收盘站上MA20；距离21日收盘高点3%以内,9.0,MA20/MA60同步上扬；收盘站上MA20；距离21日收盘高点3%以内,trade_ready,aligned,,,,,,,,,
2025-04-25,sh.605499,东鹏饮料,突破次日未确认退出,212.23,212.23,-19.12,R30; 开盘未站上212.450; gap_stop,exited,-0.0405,-900.0,212.45,卖出,900.0,191007.0,16.24,95.5,95.5,207.24,111.85,191205.0,-198.0,-517.1,-0.2703,190799.76,,,,,,,,,,,,,,,,,,
2025-04-25,sh.605499,东鹏饮料,右侧买入,212.45,212.45,19.12,R31; 直接突破首仓; 价格突破21日收盘高点; intraday_breakout,exited,-0.0112,900.0,212.45,买入,900.0,191205.0,16.25,0.0,95.6,111.85,0.0,,,-111.85,-0.0585,-191316.85,20.0,False,True,100.0,基本面硬条件通过且多周期强度居前；20日强度+22.5%；60日强度+13.8%；120日强度+29.0%；距120日高点-0.1%；MA20/MA60同步上扬；收盘站上MA20；距离21日收盘高点3%以内,9.0,MA20/MA60同步上扬；收盘站上MA20；距离21日收盘高点3%以内,trade_ready,aligned,,,,,,,,,
2025-04-28,sh.605499,东鹏饮料,突破次日未确认退出,209.11,209.11,-19.12,R31; 开盘未站上212.450; gap_stop,exited,-0.321,-900.0,212.45,卖出,900.0,188199.0,16.0,94.1,94.1,204.2,111.85,191205.0,-3006.0,-3322.05,-1.7364,187994.8,,,,,,,,,,,,,,,,,,
2025-04-28,sh.605499,东鹏饮料,右侧买入,212.45,212.45,19.12,R32; 直接突破首仓; 价格突破21日收盘高点; intraday_breakout,exited,-0.0112,900.0,212.45,买入,900.0,191205.0,16.25,0.0,95.6,111.85,0.0,,,-111.85,-0.0585,-191316.85,20.0,False,True,100.0,基本面硬条件通过且多周期强度居前；20日强度+18.0%；60日强度+15.4%；120日强度+27.0%；距120日高点-1.6%；MA20/MA60同步上扬；收盘站上MA20；距离21日收盘高点3%以内,9.0,MA20/MA60同步上扬；收盘站上MA20；距离21日收盘高点3%以内,trade_ready,aligned,,,,,,,,,
2025-04-29,sh.605499,东鹏饮料,突破次日未确认退出,210.68,210.68,-19.12,R32; 开盘未站上212.450; gap_stop,exited,-0.1799,-900.0,212.45,卖出,900.0,189612.0,16.12,94.81,94.81,205.73,111.85,191205.0,-1593.0,-1910.58,-0.9986,189406.27,,,,,,,,,,,,,,,,,,
2025-04-29,sh.605499,东鹏饮料,右侧买入,212.45,212.45,19.12,R33; 直接突破首仓; 价格突破21日收盘高点; intraday_breakout,exited,-0.0112,900.0,212.45,买入,900.0,191205.0,16.25,0.0,95.6,111.85,0.0,,,-111.85,-0.0585,-191316.85,20.0,False,True,100.0,基本面硬条件通过且多周期强度居前；20日强度+18.6%；60日强度+16.2%；120日强度+31.9%；距120日高点-0.9%；MA20/MA60同步上扬；收盘站上MA20；距离21日收盘高点3%以内,9.0,MA20/MA60同步上扬；收盘站上MA20；距离21日收盘高点3%以内,trade_ready,aligned,,,,,,,,,
2025-05-06,sh.605499,东鹏饮料,收盘条件退出,210.92,210.92,-19.12,R33; condition stop; 14:55/close proxy,exited,-0.1583,-900.0,212.45,卖出,900.0,189828.0,16.14,94.91,94.91,205.96,111.85,191205.0,-1377.0,-1694.82,-0.8859,189622.04,,,,,,,,,,,,,,,,,,
2025-05-06,sh.688608,恒玄科技,右侧买入,223.95,223.95,17.92,R34; 直接突破首仓; 价格突破21日收盘高点; gap_breakout,exited,-0.0105,800.0,223.95,买入,800.0,179160.0,15.23,0.0,89.58,104.81,0.0,,,-104.81,-0.0585,-179264.81,20.0,False,True,200.0,基本面硬条件通过且多周期强度居前；20日强度+12.2%；60日强度+11.8%；120日强度+110.4%；距120日高点+0.0%；MA20/MA60同步上扬；收盘站上MA20；距离21日收盘高点3%以内；多周期均量扣低走高,10.0,MA20/MA60同步上扬；收盘站上MA20；距离21日收盘高点3%以内；多周期均量扣低走高,trade_ready,aligned,,,,,,,,,
2025-05-07,sh.688608,恒玄科技,突破次日未确认退出,222.0,222.0,-17.92,R34; 开盘未站上223.930; gap_stop,exited,-0.1753,-800.0,223.95,卖出,800.0,177600.0,15.1,88.8,88.8,192.7,104.81,179160.0,-1560.0,-1857.5,-1.0362,177407.3,,,,,,,,,,,,,,,,,,
2025-05-07,sh.688608,恒玄科技,右侧买入,223.93,223.93,17.91,R35; 直接突破首仓; 价格突破21日收盘高点; intraday_breakout,exited,-0.0105,800.0,223.93,买入,800.0,179144.0,15.23,0.0,89.57,104.8,0.0,,,-104.8,-0.0585,-179248.8,20.0,False,True,200.0,基本面硬条件通过且多周期强度居前；20日强度+13.5%；60日强度+15.0%；120日强度+101.5%；距120日高点-1.4%；MA20/MA60同步上扬；收盘站上MA20；距离21日收盘高点3%以内；多周期均量扣低走高,10.0,MA20/MA60同步上扬；收盘站上MA20；距离21日收盘高点3%以内；多周期均量扣低走高,trade_ready,aligned,,,,,,,,,
2025-05-08,sh.688608,恒玄科技,突破次日未确认退出,219.46,219.46,-17.91,R35; 开盘未站上223.930; gap_stop,exited,-0.3766,-800.0,223.93,卖出,800.0,175568.0,14.92,87.78,87.78,190.49,104.8,179144.0,-3576.0,-3871.29,-2.1597,175377.51,,,,,,,,,,,,,,,,,,
2025-05-08,sh.688019,安集科技,右侧买入,110.97,110.97,19.97,R36; 直接突破首仓; 价格突破21日收盘高点; intraday_breakout,exited,-0.0117,1800.0,110.97,买入,1800.0,199746.0,16.98,0.0,99.87,116.85,0.0,,,-116.85,-0.0585,-199862.85,20.0,False,True,200.0,基本面硬条件通过且多周期强度居前；20日强度+14.4%；60日强度+21.5%；120日强度+13.4%；距120日高点-1.9%；MA20/MA60同步上扬；收盘站上MA20；距离21日收盘高点3%以内；多周期均量扣低走高,10.0,MA20/MA60同步上扬；收盘站上MA20；距离21日收盘高点3%以内；多周期均量扣低走高,trade_ready,aligned,,,,,,,,,
2025-05-09,sh.688019,安集科技,突破次日未确认退出,109.33,109.33,-19.97,R36; 开盘未站上110.970; gap_stop,exited,-0.3166,-1800.0,110.97,卖出,1800.0,196794.0,16.73,98.4,98.4,213.52,116.85,199746.0,-2952.0,-3282.37,-1.6423,196580.48,,,,,,,,,,,,,,,,,,
2025-05-09,sh.688128,中国电研,右侧买入,23.76,23.76,19.96,R37; 直接突破首仓; 价格突破21日收盘高点; intraday_breakout,watch,-0.0117,8400.0,23.76,买入,8400.0,199584.0,16.96,0.0,99.79,116.76,0.0,,,-116.76,-0.0585,-199700.76,20.0,False,True,200.0,基本价值线模型入选；MA20/MA60同步上扬；收盘站上MA20；距离21日收盘高点3%以内；基本面硬条件通过且多周期强度居前；20日强度+31.7%；60日强度+10.0%；120日强度+13.5%；距120日高点-1.6%；MA20/MA60同步上扬；收盘站上MA20；距离21日收盘高点3%以内,9.0,MA20/MA60同步上扬；收盘站上MA20；距离21日收盘高点3%以内,trade_ready,aligned,,,,,,,,,
2025-05-23,sh.688128,中国电研,收盘条件退出,23.59,23.59,-19.96,R37; condition stop; 14:55/close proxy,active,-0.1643,-8400.0,23.76,卖出,8400.0,198156.0,16.84,99.08,99.08,215.0,116.76,199584.0,-1428.0,-1759.76,-0.8812,197941.0,,,,,,,,,,,,,,,,,,
2025-05-23,sh.689009,九号公司,右侧买入,66.36,66.36,19.91,R38; 直接突破首仓; 价格突破21日收盘高点; gap_breakout,active,-0.0116,3000.0,66.36,买入,3000.0,199080.0,16.92,0.0,99.54,116.46,0.0,,,-116.46,-0.0585,-199196.46,20.0,False,True,100.0,基本面硬条件通过且多周期强度居前；20日强度+22.2%；60日强度+9.6%；120日强度+49.9%；距120日高点+0.0%；MA20/MA60同步上扬；收盘站上MA20；距离21日收盘高点3%以内；多周期均量扣低走高,10.0,MA20/MA60同步上扬；收盘站上MA20；距离21日收盘高点3%以内；多周期均量扣低走高,trade_ready,aligned,,,,,,,,,
2025-05-26,sh.689009,九号公司,突破次日未确认退出,64.07,64.07,-19.91,R38; 开盘未站上66.320; gap_stop,active,-0.7079,-3000.0,66.36,卖出,3000.0,192210.0,16.34,96.1,96.1,208.55,116.46,199080.0,-6870.0,-7195.01,-3.612,192001.45,,,,,,,,,,,,,,,,,,
2025-05-26,sz.002311,海大集团,右侧买入,56.98,56.98,19.94,R39; 直接突破首仓; 价格突破21日收盘高点; intraday_breakout,active,-0.0117,3500.0,56.98,买入,3500.0,199430.0,16.95,0.0,99.72,116.67,0.0,,,-116.67,-0.0585,-199546.67,20.0,False,True,100.0,基本价值线模型入选；MA20/MA60同步上扬；收盘站上MA20；距离21日收盘高点3%以内,9.0,MA20/MA60同步上扬；收盘站上MA20；距离21日收盘高点3%以内,trade_ready,aligned,,,,,,,,,
2025-06-12,sz.002311,海大集团,收盘条件退出,57.65,57.65,-19.94,R39; entry time condition; 14:55/close proxy,active,0.2126,-3500.0,56.98,卖出,3500.0,201775.0,17.15,100.89,100.89,218.93,116.67,199430.0,2345.0,2009.41,1.007,201556.07,,,,,,,,,,,,,,,,,,
2025-06-12,sz.300476,胜宏科技,右侧买入,106.15,106.15,19.11,R40; 直接突破首仓; 价格突破21日收盘高点; intraday_breakout,active,-0.0112,1800.0,106.15,买入,1800.0,191070.0,16.24,0.0,95.53,111.78,0.0,,,-111.78,-0.0585,-191181.78,20.0,False,True,100.0,基本面硬条件通过且多周期强度居前；20日强度+34.6%；60日强度+53.6%；120日强度+148.6%；距120日高点+0.0%；MA20/MA60同步上扬；收盘站上MA20；距离21日收盘高点3%以内；多周期均量扣低走高,10.0,MA20/MA60同步上扬；收盘站上MA20；距离21日收盘高点3%以内；多周期均量扣低走高,trade_ready,aligned,,,,,,,,,
2025-06-13,sz.300476,胜宏科技,突破次日未确认退出,104.88,104.88,-19.11,R40; 开盘未站上106.150; gap_stop,active,-0.2491,-1800.0,106.15,卖出,1800.0,188784.0,16.05,94.39,94.39,204.83,111.78,191070.0,-2286.0,-2602.61,-1.3613,188579.17,,,,,,,,,,,,,,,,,,
2025-06-13,sz.301061,匠心家居,右侧买入,56.49,56.49,19.77,R41; 直接突破首仓; 价格突破21日收盘高点; intraday_breakout,active,-0.0116,3500.0,56.49,买入,3500.0,197715.0,16.81,0.0,98.86,115.66,0.0,,,-115.66,-0.0585,-197830.66,20.0,False,True,100.0,基本面硬条件通过且多周期强度居前；20日强度+27.4%；60日强度+38.7%；120日强度+75.3%；距120日高点+0.0%；MA20/MA60同步上扬；收盘站上MA20；距离21日收盘高点3%以内；量能高于5/10日基准1.43倍；多周期均量扣低走高,12.0,MA20/MA60同步上扬；收盘站上MA20；距离21日收盘高点3%以内；量能高于5/10日基准1.43倍；多周期均量扣低走高,trade_ready,aligned,,,,,,,,,
2025-06-16,sz.301061,匠心家居,突破次日未确认退出,54.6,54.6,-19.77,R41; 开盘未站上56.490; gap_stop,active,-0.6822,-3500.0,56.49,卖出,3500.0,191100.0,16.24,95.55,95.55,207.34,115.66,197715.0,-6615.0,-6938.01,-3.507,190892.66,,,,,,,,,,,,,,,,,,
2025-06-16,sh.603129,春风动力,右侧买入,216.69,216.69,19.5,R42; 直接突破首仓; 价格突破21日收盘高点; intraday_breakout,active,-0.0114,900.0,216.69,买入,900.0,195021.0,16.58,0.0,97.51,114.09,0.0,,,-114.09,-0.0585,-195135.09,20.0,False,True,100.0,基本面硬条件通过且多周期强度居前；20日强度+28.8%；60日强度+26.0%；120日强度+52.6%；距120日高点+0.0%；MA20/MA60同步上扬；收盘站上MA20；距离21日收盘高点3%以内；量能高于5/10日基准1.37倍；多周期均量扣低走高,12.0,MA20/MA60同步上扬；收盘站上MA20；距离21日收盘高点3%以内；量能高于5/10日基准1.37倍；多周期均量扣低走高,trade_ready,aligned,,,,,,,,,
2025-06-17,sh.603129,春风动力,突破次日未确认退出,206.39,206.39,-19.5,R42; 开盘未站上216.690; gap_stop,active,-0.9472,-900.0,216.69,卖出,900.0,185751.0,15.79,92.88,92.88,201.54,114.09,195021.0,-9270.0,-9585.63,-4.9123,185549.46,,,,,,,,,,,,,,,,,,
2025-06-17,sz.300502,新易盛,右侧买入,76.33,76.33,19.85,R43; 直接突破首仓; 价格突破21日收盘高点; gap_breakout,active,-0.0116,2600.0,76.33,买入,2600.0,198458.0,16.87,0.0,99.23,116.1,0.0,,,-116.1,-0.0585,-198574.1,20.0,False,True,100.0,基本面硬条件通过且多周期强度居前；20日强度+26.5%；60日强度+56.8%；120日强度+15.4%；距120日高点+0.0%；MA20/MA60同步上扬；收盘站上MA20；距离21日收盘高点3%以内；量能高于5/10日基准1.26倍；多周期均量扣低走高,12.0,MA20/MA60同步上扬；收盘站上MA20；距离21日收盘高点3%以内；量能高于5/10日基准1.26倍；多周期均量扣低走高,trade_ready,aligned,,,,,,,,,
2025-06-30,sz.300502,新易盛,右侧买入,88.96,88.96,6.23,R44; 浮盈加仓33%; 价格突破21日收盘高点; gap_breakout,exited,-0.0036,700.0,88.96,买入,700.0,62272.0,5.29,0.0,31.14,36.43,0.0,,,-36.43,-0.0585,-62308.43,6.615266666666667,False,True,100.0,基本面硬条件通过且多周期强度居前；20日强度+41.3%；60日强度+81.9%；120日强度+41.9%；距120日高点+0.0%；MA20/MA60同步上扬；收盘站上MA20；距离21日收盘高点3%以内；量能高于5/10日基准1.34倍；多周期均量扣低走高,12.0,MA20/MA60同步上扬；收盘站上MA20；距离21日收盘高点3%以内；量能高于5/10日基准1.34倍；多周期均量扣低走高,trade_ready,aligned,,,,,,,,,
2025-07-09,sz.301061,匠心家居,右侧买入,67.34,67.34,19.53,R45; 直接突破首仓; 价格突破21日收盘高点; intraday_breakout,watch,-0.0114,2900.0,67.34,买入,2900.0,195286.0,16.6,0.0,97.64,114.24,0.0,,,-114.24,-0.0585,-195400.24,20.0,False,True,100.0,基本价值线模型入选；MA20/MA60同步上扬；收盘站上MA20；距离21日收盘高点3%以内；多周期均量扣低走高；基本面硬条件通过且多周期强度居前；20日强度+25.0%；60日强度+123.0%；120日强度+96.4%；距120日高点+0.0%；MA20/MA60同步上扬；收盘站上MA20；距离21日收盘高点3%以内；多周期均量扣低走高,10.0,MA20/MA60同步上扬；收盘站上MA20；距离21日收盘高点3%以内；多周期均量扣低走高,trade_ready,aligned,,,,,,,,,
2025-07-10,sz.301061,匠心家居,收盘条件退出,65.91,65.91,-19.53,R45; condition stop; 14:55/close proxy,watch,-0.4354,-2900.0,67.34,卖出,2900.0,191139.0,16.25,95.57,95.57,207.39,114.24,195286.0,-4147.0,-4468.63,-2.2869,190931.61,,,,,,,,,,,,,,,,,,
2025-07-10,sz.300308,中际旭创,右侧买入,146.2,146.2,19.01,R46; 直接突破首仓; 价格突破21日收盘高点; gap_breakout,watch,-0.0111,1300.0,146.2,买入,1300.0,190060.0,16.16,0.0,95.03,111.19,0.0,,,-111.19,-0.0585,-190171.19,20.0,False,True,100.0,基本面硬条件通过且多周期强度居前；20日强度+35.1%；60日强度+88.3%；120日强度+13.7%；距120日高点-0.4%；MA20/MA60同步上扬；收盘站上MA20；距离21日收盘高点3%以内；多周期均量扣低走高,10.0,MA20/MA60同步上扬；收盘站上MA20；距离21日收盘高点3%以内；多周期均量扣低走高,trade_ready,aligned,,,,,,,,,
2025-07-11,sz.300308,中际旭创,收盘条件退出,144.96,144.96,-19.01,R46; condition stop; 14:55/close proxy,active,-0.1816,-1300.0,146.2,卖出,1300.0,188448.0,16.02,94.22,94.22,204.47,111.19,190060.0,-1612.0,-1927.65,-1.0136,188243.53,,,,,,,,,,,,,,,,,,
2025-07-11,sz.300274,阳光电源,右侧买入,75.59,75.59,19.65,R47; 直接突破首仓; 价格突破21日收盘高点; intraday_breakout,active,-0.0115,2600.0,75.59,买入,2600.0,196534.0,16.71,0.0,98.27,114.97,0.0,,,-114.97,-0.0585,-196648.97,20.0,False,True,100.0,基本面硬条件通过且多周期强度居前；20日强度+21.1%；60日强度+34.7%；120日强度+6.8%；距120日高点+0.0%；MA20/MA60同步上扬；收盘站上MA20；距离21日收盘高点3%以内；量能高于5/10日基准1.75倍；多周期均量扣低走高,12.0,MA20/MA60同步上扬；收盘站上MA20；距离21日收盘高点3%以内；量能高于5/10日基准1.75倍；多周期均量扣低走高,trade_ready,aligned,,,,,,,,,
2025-07-14,sz.300274,阳光电源,突破次日未确认退出,75.06,75.06,-19.65,R47; 开盘未站上75.590; gap_stop,active,-0.159,-2600.0,75.59,卖出,2600.0,195156.0,16.59,97.58,97.58,211.74,114.97,196534.0,-1378.0,-1704.72,-0.8669,194944.26,,,,,,,,,,,,,,,,,,
2025-07-14,sz.300308,中际旭创,右侧买入,146.27,146.27,19.02,R48; 直接突破首仓; 价格突破21日收盘高点; intraday_breakout,active,-0.0111,1300.0,146.27,买入,1300.0,190151.0,16.16,0.0,95.08,111.24,0.0,,,-111.24,-0.0585,-190262.24,20.0,False,True,100.0,基本面硬条件通过且多周期强度居前；20日强度+25.0%；60日强度+78.9%；120日强度+20.0%；距120日高点-0.9%；MA20/MA60同步上扬；收盘站上MA20；距离21日收盘高点3%以内,9.0,MA20/MA60同步上扬；收盘站上MA20；距离21日收盘高点3%以内,trade_ready,aligned,,,,,,,,,
2025-07-16,sz.301061,匠心家居,右侧买入,69.77,69.77,19.54,R49; 直接突破首仓; 价格突破21日收盘高点; gap_breakout,active,-0.0114,2800.0,69.77,买入,2800.0,195356.0,16.61,0.0,97.68,114.28,0.0,,,-114.28,-0.0585,-195470.28,20.0,False,True,100.0,基本价值线模型入选；MA20/MA60同步上扬；收盘站上MA20；距离21日收盘高点3%以内；量能高于5/10日基准1.27倍；多周期均量扣低走高；基本面硬条件通过且多周期强度居前；20日强度+26.2%；60日强度+109.0%；120日强度+78.1%；距120日高点+0.0%；MA20/MA60同步上扬；收盘站上MA20；距离21日收盘高点3%以内；量能高于5/10日基准1.27倍；多周期均量扣低走高,12.0,MA20/MA60同步上扬；收盘站上MA20；距离21日收盘高点3%以内；量能高于5/10日基准1.27倍；多周期均量扣低走高,trade_ready,aligned,,,,,,,,,
2025-07-16,sz.300502,新易盛,右侧买入,115.36,115.36,8.08,R50; 浮盈加仓33%; 价格突破21日收盘高点; gap_breakout,active,-0.0047,700.0,115.36,买入,700.0,80752.0,6.86,0.0,40.38,47.24,0.0,,,-47.24,-0.0585,-80799.24,8.691,False,True,100.0,基本面硬条件通过且多周期强度居前；20日强度+46.6%；60日强度+194.1%；120日强度+100.2%；距120日高点+0.0%；MA20/MA60同步上扬；收盘站上MA20；距离21日收盘高点3%以内；量能高于5/10日基准1.32倍；多周期均量扣低走高,12.0,MA20/MA60同步上扬；收盘站上MA20；距离21日收盘高点3%以内；量能高于5/10日基准1.32倍；多周期均量扣低走高,trade_ready,aligned,,,,,,,,,
2025-07-16,sz.300308,中际旭创,右侧买入,179.4,179.4,5.38,R51; 浮盈加仓33%; 价格突破21日收盘高点; gap_breakout,active,-0.0032,300.0,179.4,买入,300.0,53820.0,5.0,0.0,26.91,31.91,0.0,,,-31.91,-0.0593,-53851.91,6.338366666666666,True,False,100.0,基本面硬条件通过且多周期强度居前；20日强度+47.0%；60日强度+125.0%；120日强度+58.4%；距120日高点+0.0%；MA20/MA60同步上扬；收盘站上MA20；距离21日收盘高点3%以内；量能高于5/10日基准2.22倍；多周期均量扣低走高,12.0,MA20/MA60同步上扬；收盘站上MA20；距离21日收盘高点3%以内；量能高于5/10日基准2.22倍；多周期均量扣低走高,trade_ready,aligned,,,,,,,,,
2025-07-17,sz.300308,中际旭创,突破次日未确认退出,168.82,168.82,-5.38,R51; 开盘未站上174.420; gap_stop,active,-0.323,-300.0,179.4,卖出,300.0,50646.0,5.0,25.32,25.32,55.65,31.91,53820.0,-3174.0,-3261.56,-6.0565,50590.35,,,,,,,,,,,,,,,,,,
2025-07-17,sz.301061,匠心家居,突破次日未确认退出,68.57,68.57,-19.54,R49; 开盘未站上69.110; gap_stop,active,-0.3568,-2800.0,69.77,卖出,2800.0,191996.0,16.32,96.0,96.0,208.32,114.28,195356.0,-3360.0,-3682.6,-1.884,191787.68,,,,,,,,,,,,,,,,,,
2025-07-17,sz.301061,匠心家居,右侧买入,69.11,69.11,19.35,R52; 直接突破首仓; 价格突破21日收盘高点; intraday_breakout,active,-0.0113,2800.0,69.11,买入,2800.0,193508.0,16.45,0.0,96.75,113.2,0.0,,,-113.2,-0.0585,-193621.2,20.0,False,True,100.0,基本价值线模型入选；MA20/MA60同步上扬；收盘站上MA20；距离21日收盘高点3%以内；多周期均量扣低走高；基本面硬条件通过且多周期强度居前；20日强度+26.0%；60日强度+105.3%；120日强度+73.7%；距120日高点-0.8%；MA20/MA60同步上扬；收盘站上MA20；距离21日收盘高点3%以内；多周期均量扣低走高,10.0,MA20/MA60同步上扬；收盘站上MA20；距离21日收盘高点3%以内；多周期均量扣低走高,trade_ready,aligned,,,,,,,,,
2025-07-17,sz.300308,中际旭创,右侧买入,174.42,174.42,5.23,R53; 浮盈加仓33%; 价格突破21日收盘高点; intraday_breakout,active,-0.0031,300.0,174.42,买入,300.0,52326.0,5.0,0.0,26.16,31.16,0.0,,,-31.16,-0.0596,-52357.16,6.338366666666666,True,False,100.0,基本面硬条件通过且多周期强度居前；20日强度+37.1%；60日强度+120.9%；120日强度+49.9%；距120日高点-2.3%；MA20/MA60同步上扬；收盘站上MA20；距离21日收盘高点3%以内；量能高于5/10日基准1.83倍；多周期均量扣低走高,12.0,MA20/MA60同步上扬；收盘站上MA20；距离21日收盘高点3%以内；量能高于5/10日基准1.83倍；多周期均量扣低走高,trade_ready,aligned,,,,,,,,,
2025-07-18,sz.301061,匠心家居,突破次日未确认退出,68.6,68.6,-19.35,R52; 开盘未站上69.110; gap_stop,active,-0.1636,-2800.0,69.11,卖出,2800.0,192080.0,16.33,96.04,96.04,208.41,113.2,193508.0,-1428.0,-1749.61,-0.9036,191871.59,,,,,,,,,,,,,,,,,,
2025-07-18,sz.301061,匠心家居,右侧买入,69.11,69.11,18.66,R54; 直接突破首仓; 价格突破21日收盘高点; intraday_breakout,active,-0.0109,2700.0,69.11,买入,2700.0,186597.0,15.86,0.0,93.3,109.16,0.0,,,-109.16,-0.0585,-186706.16,20.0,True,False,100.0,基本价值线模型入选；MA20/MA60同步上扬；收盘站上MA20；距离21日收盘高点3%以内；多周期均量扣低走高；基本面硬条件通过且多周期强度居前；20日强度+27.5%；60日强度+102.5%；120日强度+68.2%；距120日高点-0.8%；MA20/MA60同步上扬；收盘站上MA20；距离21日收盘高点3%以内；多周期均量扣低走高,10.0,MA20/MA60同步上扬；收盘站上MA20；距离21日收盘高点3%以内；多周期均量扣低走高,trade_ready,aligned,,,,,,,,,
2025-07-21,sz.301061,匠心家居,突破次日未确认退出,67.72,67.72,-18.66,R54; 开盘未站上69.110; gap_stop,active,-0.3951,-2700.0,69.11,卖出,2700.0,182844.0,15.54,91.42,91.42,198.39,109.16,186597.0,-3753.0,-4060.54,-2.1748,182645.61,,,,,,,,,,,,,,,,,,
2025-07-21,sz.300502,新易盛,右侧买入,131.85,131.85,10.55,R55; 浮盈加仓33%; 价格突破21日收盘高点; gap_breakout,active,-0.0062,800.0,131.85,买入,800.0,105480.0,8.97,0.0,52.74,61.71,0.0,,,-61.71,-0.0585,-105541.71,11.382733333333334,False,True,100.0,基本面硬条件通过且多周期强度居前；20日强度+65.7%；60日强度+214.8%；120日强度+115.9%；距120日高点-0.6%；MA20/MA60同步上扬；收盘站上MA20；距离21日收盘高点3%以内；多周期均量扣低走高,10.0,MA20/MA60同步上扬；收盘站上MA20；距离21日收盘高点3%以内；多周期均量扣低走高,trade_ready,aligned,,,,,,,,,
2025-07-21,sz.001389,广合科技,右侧买入,69.14,69.14,7.61,R56; 直接突破首仓; 价格突破21日收盘高点; gap_breakout,active,-0.0044,1100.0,69.14,买入,1100.0,76054.0,6.46,0.0,38.03,44.49,0.0,,,-44.49,-0.0585,-76098.49,20.0,True,False,100.0,基本面硬条件通过且多周期强度居前；20日强度+22.5%；60日强度+47.5%；120日强度+37.7%；距120日高点+0.0%；MA20/MA60同步上扬；收盘站上MA20；距离21日收盘高点3%以内；量能高于5/10日基准2.16倍；多周期均量扣低走高,12.0,MA20/MA60同步上扬；收盘站上MA20；距离21日收盘高点3%以内；量能高于5/10日基准2.16倍；多周期均量扣低走高,trade_ready,aligned,,,,,,,,,
2025-07-22,sz.001389,广合科技,突破次日未确认退出,66.8,66.8,-7.61,R56; 开盘未站上67.920; gap_stop,active,-0.2654,-1100.0,69.14,卖出,1100.0,73480.0,6.25,36.74,36.74,79.73,44.49,76054.0,-2574.0,-2698.22,-3.5457,73400.27,,,,,,,,,,,,,,,,,,
2025-07-22,sz.300502,新易盛,突破次日未确认退出,127.17,127.17,-10.55,R55; 开盘未站上130.900; gap_stop,active,-0.3854,-800.0,131.85,卖出,800.0,101736.0,8.65,50.87,50.87,110.38,61.71,105480.0,-3744.0,-3916.09,-3.7105,101625.62,,,,,,,,,,,,,,,,,,
2025-07-22,sz.301061,匠心家居,右侧买入,69.11,69.11,17.97,R57; 直接突破首仓; 价格突破21日收盘高点; intraday_breakout,active,-0.0105,2600.0,69.11,买入,2600.0,179686.0,15.27,0.0,89.84,105.12,0.0,,,-105.12,-0.0585,-179791.12,20.0,True,False,100.0,基本价值线模型入选；MA20/MA60同步上扬；收盘站上MA20；量能高于5/10日基准1.42倍；多周期均量扣低走高；基本面硬条件通过且多周期强度居前；20日强度+29.5%；60日强度+89.0%；120日强度+52.9%；距120日高点-4.1%；MA20/MA60同步上扬；收盘站上MA20；量能高于5/10日基准1.42倍；多周期均量扣低走高,9.0,MA20/MA60同步上扬；收盘站上MA20；量能高于5/10日基准1.42倍；多周期均量扣低走高,trade_ready,aligned,,,,,,,,,
2025-07-23,sz.301061,匠心家居,突破次日未确认退出,67.53,67.53,-17.97,R57; 开盘未站上69.110; gap_stop,active,-0.4299,-2600.0,69.11,卖出,2600.0,175578.0,14.92,87.79,87.79,190.5,105.12,179686.0,-4108.0,-4403.62,-2.4493,175387.5,,,,,,,,,,,,,,,,,,
2025-07-23,sz.301061,匠心家居,右侧买入,69.11,69.11,17.28,R58; 直接突破首仓; 价格突破21日收盘高点; intraday_breakout,active,-0.0101,2500.0,69.11,买入,2500.0,172775.0,14.69,0.0,86.39,101.07,0.0,,,-101.07,-0.0585,-172876.07,20.0,True,False,100.0,基本价值线模型入选；MA20/MA60同步上扬；收盘站上MA20；距离21日收盘高点3%以内；多周期均量扣低走高；基本面硬条件通过且多周期强度居前；20日强度+29.9%；60日强度+68.9%；120日强度+54.2%；距120日高点-2.2%；MA20/MA60同步上扬；收盘站上MA20；距离21日收盘高点3%以内；多周期均量扣低走高,10.0,MA20/MA60同步上扬；收盘站上MA20；距离21日收盘高点3%以内；多周期均量扣低走高,trade_ready,aligned,,,,,,,,,
2025-09-01,sz.301061,匠心家居,统一分仓收盘止盈2份,77.81,77.81,-6.91,14:55/close proxy,active,0.8616,-1000.0,69.11,卖出,1000.0,77810.0,6.61,38.91,38.91,84.42,40.43,69110.0,8700.0,8575.15,12.4007,77725.58,,,,,,,,,,,,,,,,,,
2025-09-01,sz.300502,新易盛,右侧买入,258.24,258.24,7.75,R59; 浮盈加仓33%; 价格突破21日收盘高点; gap_breakout,active,-0.0045,300.0,258.24,买入,300.0,77472.0,6.59,0.0,38.74,45.32,0.0,,,-45.32,-0.0585,-77517.32,11.382733333333334,True,False,100.0,基本面硬条件通过且多周期强度居前；20日强度+94.5%；60日强度+257.2%；120日强度+439.1%；距120日高点+0.0%；MA20/MA60同步上扬；收盘站上MA20；距离21日收盘高点3%以内；多周期均量扣低走高,10.0,MA20/MA60同步上扬；收盘站上MA20；距离21日收盘高点3%以内；多周期均量扣低走高,trade_ready,aligned,,,,,,,,,
2025-09-04,sz.300502,新易盛,止损清仓,232.416,232.416,-7.75,R59; hard space stop 232.416; intraday_stop,active,-0.7823,-300.0,258.24,卖出,300.0,69724.8,5.93,34.86,34.86,75.65,45.32,77472.0,-7747.2,-7868.17,-10.1502,69649.15,,,,,,,,,,,,,,,,,,
2025-09-04,sz.300308,中际旭创,右侧买入,435.04,435.04,4.35,R60; 浮盈加仓33%; 价格突破21日收盘高点; gap_breakout,active,-0.0027,100.0,435.04,买入,100.0,43504.0,5.0,0.0,21.75,26.75,0.0,,,-26.75,-0.0615,-43530.75,8.082566666666665,True,False,100.0,主流标准基本面模型入选；MA20/MA60同步上扬；收盘站上MA20；距离21日收盘高点3%以内；多周期均量扣低走高；基本面硬条件通过且多周期强度居前；20日强度+102.4%；60日强度+296.3%；120日强度+318.0%；距120日高点+0.0%；MA20/MA60同步上扬；收盘站上MA20；距离21日收盘高点3%以内；多周期均量扣低走高,10.0,MA20/MA60同步上扬；收盘站上MA20；距离21日收盘高点3%以内；多周期均量扣低走高,trade_ready,aligned,,,,,,,,,
2025-09-05,sz.300308,中际旭创,突破次日未确认退出,377.19,377.19,-4.35,R60; 开盘未站上425.250; gap_stop,active,-0.5828,-100.0,435.04,卖出,100.0,37719.0,5.0,18.86,18.86,42.72,26.75,43504.0,-5785.0,-5854.47,-13.449,37676.28,,,,,,,,,,,,,,,,,,
2025-09-05,sz.300502,新易盛,统一分仓收盘止盈1份,249.14,249.14,-6.11,14:55/close proxy,active,13.8032,-800.0,76.33,卖出,800.0,199312.0,16.94,99.66,99.66,216.25,35.72,61064.0,138248.0,137996.02,225.8538,199095.75,,,,,,,,,,,,,,,,,,
2025-09-08,sz.300308,中际旭创,统一分仓收盘止盈1份,369.17,369.17,-4.39,14:55/close proxy,active,6.675,-300.0,146.27,卖出,300.0,110751.0,9.41,55.38,55.38,120.16,25.67,43881.0,66870.0,66724.16,151.9682,110630.84,,,,,,,,,,,,,,,,,,
2025-09-08,sz.300308,中际旭创,右侧买入,371.945,371.945,7.44,R61; 浮盈加仓50%; 上涨波段75.0%拉回支撑; 共振=MA10; intraday_cross,active,-0.0044,200.0,371.945,买入,200.0,74389.0,6.32,0.0,37.19,43.52,0.0,,,-43.52,-0.0585,-74432.52,9.929799999999998,False,True,100.0,主流标准基本面模型入选；MA20/MA60同步上扬；收盘站上MA20；多周期均量扣低走高；基本面硬条件通过且多周期强度居前；20日强度+94.5%；60日强度+250.3%；120日强度+292.9%；距120日高点-4.5%；MA20/MA60同步上扬；收盘站上MA20；多周期均量扣低走高,7.0,MA20/MA60同步上扬；收盘站上MA20；多周期均量扣低走高,trade_ready,aligned,0.75,146.75,447.01,2024-10-16,2025-09-04,uptrend_support_pullback,,,
2025-09-08,sz.300502,新易盛,右侧买入,242.54,242.54,12.13,R62; 浮盈加仓50%; 上涨波段75.0%拉回支撑; 共振=MA10; gap_or_open_fill,active,-0.0071,500.0,242.54,买入,500.0,121270.0,10.31,0.0,60.63,70.94,0.0,,,-70.94,-0.0585,-121340.94,14.0209,False,True,100.0,主流标准基本面模型入选；MA20/MA60同步上扬；收盘站上MA20；多周期均量扣低走高；基本面硬条件通过且多周期强度居前；20日强度+91.6%；60日强度+249.1%；120日强度+423.2%；距120日高点-10.1%；MA20/MA60同步上扬；收盘站上MA20；多周期均量扣低走高,7.0,MA20/MA60同步上扬；收盘站上MA20；多周期均量扣低走高,trade_ready,aligned,0.75,119.55,286.13,2025-07-24,2025-09-02,uptrend_support_pullback,,,
2025-09-09,sz.300308,中际旭创,收盘条件退出,358.5,358.5,-7.44,R61; condition stop; 14:55/close proxy,exited,-0.2767,-200.0,371.945,卖出,200.0,71700.0,6.09,35.85,35.85,77.79,43.52,74389.0,-2689.0,-2810.31,-3.7757,71622.21,,,,,,,,,,,,,,,,,,
2025-09-09,sz.300502,新易盛,止损清仓,218.286,218.286,-12.13,R62; hard space stop 218.286; intraday_stop,exited,-1.2245,-500.0,242.54,卖出,500.0,109143.0,9.28,54.57,54.57,118.42,70.94,121270.0,-12127.0,-12316.36,-10.1502,109024.58,,,,,,,,,,,,,,,,,,
2025-09-11,sz.300308,中际旭创,右侧买入,425.25,425.25,4.25,R63; 浮盈加仓33%; 价格突破21日收盘高点; intraday_breakout,exited,-0.0026,100.0,425.25,买入,100.0,42525.0,5.0,0.0,21.26,26.26,0.0,,,-26.26,-0.0618,-42551.26,6.619866666666666,False,True,100.0,主流标准基本面模型入选；MA20/MA60同步上扬；收盘站上MA20；多周期均量扣低走高；基本面硬条件通过且多周期强度居前；20日强度+52.8%；60日强度+209.1%；120日强度+268.2%；距120日高点-9.7%；MA20/MA60同步上扬；收盘站上MA20；多周期均量扣低走高,7.0,MA20/MA60同步上扬；收盘站上MA20；多周期均量扣低走高,trade_ready,aligned,,,,,,,,,
2025-09-12,sz.300308,中际旭创,收盘条件退出,421.16,421.16,-4.25,R63; condition stop; 14:55/close proxy,exited,-0.0456,-100.0,425.25,卖出,100.0,42116.0,5.0,21.06,21.06,47.12,26.26,42525.0,-409.0,-482.38,-1.1336,42068.88,,,,,,,,,,,,,,,,,,
2025-09-12,sz.301061,匠心家居,统一分仓收盘止盈1份,72.54,72.54,-3.46,14:55/close proxy,exited,0.1674,-500.0,69.11,卖出,500.0,36270.0,5.0,18.14,18.14,41.27,20.21,34555.0,1715.0,1653.52,4.7824,36228.73,,,,,,,,,,,,,,,,,,
2025-09-15,sz.300502,新易盛,右侧买入,244.69,244.69,12.23,R64; 浮盈加仓50%; 上涨波段62.5%拉回支撑; 共振=MA10; gap_or_open_fill,exited,-0.0072,500.0,244.69,买入,500.0,122345.0,10.4,0.0,61.17,71.57,0.0,,,-71.57,-0.0585,-122416.57,14.0209,False,True,100.0,主流标准基本面模型入选；MA20/MA60同步上扬；收盘站上MA20；基本面硬条件通过且多周期强度居前；20日强度+53.5%；60日强度+225.4%；120日强度+429.3%；距120日高点-7.9%；MA20/MA60同步上扬；收盘站上MA20,6.0,MA20/MA60同步上扬；收盘站上MA20,watch,aligned,0.625,210.56,272.16,2025-09-08,2025-09-11,uptrend_support_pullback,,,
2025-09-16,sz.300502,新易盛,收盘条件退出,246.64,246.64,-12.23,R64; condition stop; 14:55/close proxy,exited,0.0841,-500.0,244.69,卖出,500.0,123320.0,10.48,61.66,61.66,133.8,71.57,122345.0,975.0,769.63,0.6287,123186.2,,,,,,,,,,,,,,,,,,
2025-09-17,sz.300502,新易盛,右侧买入,242.088,242.08750000000003,12.1,R65; 浮盈加仓50%; 上涨波段75.0%拉回支撑; 共振=MA10; intraday_cross,exited,-0.0071,500.0,242.08750000000003,买入,500.0,121043.75,10.29,0.0,60.52,70.81,0.0,,,-70.81,-0.0585,-121114.56,14.0209,False,True,100.0,主流标准基本面模型入选；MA20/MA60同步上扬；收盘站上MA20；基本面硬条件通过且多周期强度居前；20日强度+34.6%；60日强度+224.0%；120日强度+391.4%；距120日高点-11.0%；MA20/MA60同步上扬；收盘站上MA20,6.0,MA20/MA60同步上扬；收盘站上MA20,watch,aligned,0.75,125.77,280.86,2025-08-05,2025-09-04,uptrend_support_pullback,,,
2025-09-23,sz.300308,中际旭创,右侧买入,446.02,446.02,4.46,R66; 浮盈加仓33%; 价格突破21日收盘高点; gap_breakout,exited,-0.0027,100.0,446.02,买入,100.0,44602.0,5.0,0.0,22.3,27.3,0.0,,,-27.3,-0.0612,-44629.3,6.619866666666666,False,True,100.0,主流标准基本面模型入选；MA20/MA60同步上扬；收盘站上MA20；基本面硬条件通过且多周期强度居前；20日强度+30.6%；60日强度+186.6%；120日强度+325.5%；距120日高点-5.0%；MA20/MA60同步上扬；收盘站上MA20,6.0,MA20/MA60同步上扬；收盘站上MA20,watch,aligned,,,,,,,,,
2025-09-24,sz.300308,中际旭创,突破次日未确认退出,415.09,415.09,-4.46,R66; 开盘未站上439.000; gap_stop,exited,-0.314,-100.0,446.02,卖出,100.0,41509.0,5.0,20.75,20.75,46.51,27.3,44602.0,-3093.0,-3166.81,-7.0958,41462.49,,,,,,,,,,,,,,,,,,
2025-09-25,sz.300308,中际旭创,右侧买入,439.0,439.0,4.39,R67; 浮盈加仓33%; 价格突破21日收盘高点; intraday_breakout,exited,-0.0027,100.0,439.0,买入,100.0,43900.0,5.0,0.0,21.95,26.95,0.0,,,-26.95,-0.0614,-43926.95,6.619866666666666,False,True,100.0,主流标准基本面模型入选；MA20/MA60同步上扬；收盘站上MA20；基本面硬条件通过且多周期强度居前；20日强度+30.3%；60日强度+204.8%；120日强度+326.2%；距120日高点-3.7%；MA20/MA60同步上扬；收盘站上MA20,6.0,MA20/MA60同步上扬；收盘站上MA20,watch,aligned,,,,,,,,,
2025-09-26,sz.300308,中际旭创,突破次日未确认退出,428.1,428.1,-4.39,R67; 开盘未站上439.000; gap_stop,exited,-0.1138,-100.0,439.0,卖出,100.0,42810.0,5.0,21.41,21.41,47.81,26.95,43900.0,-1090.0,-1164.76,-2.6516,42762.19,,,,,,,,,,,,,,,,,,
2025-09-26,sz.300308,中际旭创,右侧买入,439.0,439.0,4.39,R68; 浮盈加仓33%; 价格突破21日收盘高点; intraday_breakout,exited,-0.0027,100.0,439.0,买入,100.0,43900.0,5.0,0.0,21.95,26.95,0.0,,,-26.95,-0.0614,-43926.95,6.619866666666666,False,True,100.0,主流标准基本面模型入选；MA20/MA60同步上扬；收盘站上MA20；距离21日收盘高点3%以内；基本面硬条件通过且多周期强度居前；20日强度+21.0%；60日强度+205.5%；120日强度+364.8%；距120日高点-1.2%；MA20/MA60同步上扬；收盘站上MA20；距离21日收盘高点3%以内,9.0,MA20/MA60同步上扬；收盘站上MA20；距离21日收盘高点3%以内,trade_ready,aligned,,,,,,,,,
2025-09-29,sz.300308,中际旭创,突破次日未确认退出,409.22,409.22,-4.39,R68; 开盘未站上439.000; gap_stop,exited,-0.3024,-100.0,439.0,卖出,100.0,40922.0,5.0,20.46,20.46,45.92,26.95,43900.0,-2978.0,-3050.87,-6.9453,40876.08,,,,,,,,,,,,,,,,,,
2025-09-29,sz.300308,中际旭创,右侧买入,406.571,406.57099999999997,8.13,R69; 浮盈加仓50%; 上扬MA20/MA60结构回踩20日均线; intraday_cross,exited,-0.0048,200.0,406.57099999999997,买入,200.0,81314.2,6.91,0.0,40.66,47.57,0.0,,,-47.57,-0.0585,-81361.77,9.929799999999998,False,True,100.0,主流标准基本面模型入选；MA20/MA60同步上扬；收盘站上MA20；基本面硬条件通过且多周期强度居前；20日强度+16.6%；60日强度+196.7%；120日强度+453.1%；距120日高点-6.0%；MA20/MA60同步上扬；收盘站上MA20,6.0,MA20/MA60同步上扬；收盘站上MA20,watch,aligned,,,,,,,,,
2025-09-29,sz.300502,新易盛,右侧买入,277.14,277.14,11.09,R70; 浮盈加仓33%; 价格突破21日收盘高点; intraday_breakout,exited,-0.0065,400.0,277.14,买入,400.0,110856.0,9.42,0.0,55.43,64.85,0.0,,,-64.85,-0.0585,-110920.85,13.382058333333333,False,True,100.0,主流标准基本面模型入选；MA20/MA60同步上扬；收盘站上MA20；基本面硬条件通过且多周期强度居前；20日强度+5.0%；60日强度+191.4%；120日强度+608.3%；距120日高点-3.7%；MA20/MA60同步上扬；收盘站上MA20,6.0,MA20/MA60同步上扬；收盘站上MA20,watch,aligned,,,,,,,,,
2025-09-30,sz.300308,中际旭创,收盘条件退出,402.79,402.79,-8.13,R69; condition stop; 14:55/close proxy,exited,-0.0844,-200.0,406.57099999999997,卖出,200.0,80558.0,6.85,40.28,40.28,87.41,47.57,81314.2,-756.2,-891.17,-1.0953,80470.59,,,,,,,,,,,,,,,,,,
2025-09-30,sz.300502,新易盛,收盘条件退出,260.93,260.93,-11.09,R70; condition stop; 14:55/close proxy,exited,-0.6597,-400.0,277.14,卖出,400.0,104372.0,8.87,52.19,52.19,113.24,64.85,110856.0,-6484.0,-6662.09,-6.0062,104258.76,,,,,,,,,,,,,,,,,,
2025-10-09,sz.301061,匠心家居,收盘条件退出,67.6,67.6,-6.91,R58; condition stop; 14:55/close proxy,exited,-0.1583,-1000.0,69.11,卖出,1000.0,67600.0,5.75,33.8,33.8,73.35,40.43,69110.0,-1510.0,-1623.78,-2.3482,67526.65,,,,,,,,,,,,,,,,,,
2025-10-09,sh.688072,拓荆科技,右侧买入,263.86,263.86,15.83,R71; 直接突破首仓; 价格突破21日收盘高点; intraday_breakout,exited,-0.0093,600.0,263.86,买入,600.0,158316.0,13.46,0.0,79.16,92.61,0.0,,,-92.61,-0.0585,-158408.61,20.0,False,True,200.0,主流标准基本面模型入选；MA20/MA60同步上扬；收盘站上MA20；距离21日收盘高点3%以内；多周期均量扣低走高；基本面硬条件通过且多周期强度居前；20日强度+39.3%；60日强度+60.5%；120日强度+58.4%；距120日高点-1.4%；MA20/MA60同步上扬；收盘站上MA20；距离21日收盘高点3%以内；多周期均量扣低走高,10.0,MA20/MA60同步上扬；收盘站上MA20；距离21日收盘高点3%以内；多周期均量扣低走高,trade_ready,aligned,,,,,,,,,
2025-10-09,sz.300502,新易盛,右侧买入,259.48,259.48,15.57,R72; 浮盈加仓50%; 上涨波段50.0%拉回支撑; 共振=MA10; intraday_cross,exited,-0.0091,600.0,259.48,买入,600.0,155688.0,13.23,0.0,77.84,91.08,0.0,,,-91.08,-0.0585,-155779.08,20.0730875,True,False,100.0,主流标准基本面模型入选；MA20/MA60同步上扬；收盘站上MA20；基本面硬条件通过且多周期强度居前；20日强度+2.1%；60日强度+171.0%；120日强度+630.3%；距120日高点-5.8%；MA20/MA60同步上扬；收盘站上MA20,6.0,MA20/MA60同步上扬；收盘站上MA20,watch,aligned,0.5,234.61,284.35,2025-09-22,2025-09-29,uptrend_support_pullback,,,
2025-10-10,sz.300502,新易盛,收盘条件退出,246.97,246.97,-15.57,R72; condition stop; 14:55/close proxy,exited,-0.7667,-600.0,259.48,卖出,600.0,148182.0,12.6,74.09,74.09,160.78,91.08,155688.0,-7506.0,-7757.85,-4.98,148021.22,,,,,,,,,,,,,,,,,,
2025-10-13,sz.300502,新易盛,统一分仓收盘止盈1份,248.68,248.68,-5.34,14:55/close proxy,exited,12.0456,-700.0,76.33,卖出,700.0,174076.0,14.8,87.04,87.04,188.87,31.26,53431.0,120645.0,120424.87,225.2521,173887.13,,,,,,,,,,,,,,,,,,
2025-10-14,sh.688072,拓荆科技,收盘条件退出,247.52,247.52,-15.83,R71; condition stop; 14:55/close proxy,exited,-0.9965,-600.0,263.86,卖出,600.0,148512.0,12.62,74.26,74.26,161.14,92.61,158316.0,-9804.0,-10057.75,-6.3492,148350.86,,,,,,,,,,,,,,,,,,
2025-10-14,sz.300502,新易盛,收盘条件退出,225.78,225.78,-12.1,R65; condition stop; 14:55/close proxy,exited,-0.8276,-500.0,242.08750000000003,卖出,500.0,112890.0,9.6,56.45,56.45,122.49,70.81,121043.75,-8153.75,-8347.05,-6.8919,112767.51,,,,,,,,,,,,,,,,,,
2025-10-14,sz.301345,涛涛车业,右侧买入,239.49,239.49,19.16,R73; 直接突破首仓; 价格突破21日收盘高点; intraday_breakout,exited,-0.0112,800.0,239.49,买入,800.0,191592.0,16.29,0.0,95.8,112.08,0.0,,,-112.08,-0.0585,-191704.08,20.0,False,True,100.0,基本面硬条件通过且多周期强度居前；20日强度+13.4%；60日强度+62.0%；120日强度+294.4%；距120日高点-6.7%；MA20/MA60同步上扬；收盘站上MA20；量能高于5/10日基准1.30倍,8.0,MA20/MA60同步上扬；收盘站上MA20；量能高于5/10日基准1.30倍,trade_ready,aligned,,,,,,,,,
2025-10-15,sz.301345,涛涛车业,突破次日未确认退出,225.72,225.72,-19.16,R73; 开盘未站上239.490; gap_stop,exited,-1.1212,-800.0,239.49,卖出,800.0,180576.0,15.35,90.29,90.29,195.92,112.08,191592.0,-11016.0,-11324.01,-5.907,180380.08,,,,,,,,,,,,,,,,,,
2025-10-15,sz.002056,横店东磁,右侧买入,21.0,21.0,19.95,R74; 直接突破首仓; 价格突破21日收盘高点; intraday_breakout,exited,-0.0117,9500.0,21.0,买入,9500.0,199500.0,16.96,0.0,99.75,116.71,0.0,,,-116.71,-0.0585,-199616.71,20.0,False,True,100.0,基本价值线模型入选；MA20/MA60同步上扬；收盘站上MA20；距离21日收盘高点3%以内；量能高于5/10日基准1.40倍；多周期均量扣低走高；基本面硬条件通过且多周期强度居前；20日强度+15.6%；60日强度+46.9%；120日强度+72.2%；距120日高点-0.5%；MA20/MA60同步上扬；收盘站上MA20；距离21日收盘高点3%以内；量能高于5/10日基准1.40倍；多周期均量扣低走高,12.0,MA20/MA60同步上扬；收盘站上MA20；距离21日收盘高点3%以内；量能高于5/10日基准1.40倍；多周期均量扣低走高,trade_ready,aligned,,,,,,,,,
2025-10-16,sz.002056,横店东磁,收盘条件退出,20.92,20.92,-19.95,R74; condition stop; 14:55/close proxy,watch,-0.0976,-9500.0,21.0,卖出,9500.0,198740.0,16.89,99.37,99.37,215.63,116.71,199500.0,-760.0,-1092.34,-0.5472,198524.37,,,,,,,,,,,,,,,,,,
2025-10-16,sz.301345,涛涛车业,右侧买入,239.49,239.49,19.16,R75; 直接突破首仓; 价格突破21日收盘高点; intraday_breakout,watch,-0.0112,800.0,239.49,买入,800.0,191592.0,16.29,0.0,95.8,112.08,0.0,,,-112.08,-0.0585,-191704.08,20.0,False,True,100.0,基本面硬条件通过且多周期强度居前；20日强度+15.3%；60日强度+59.3%；120日强度+333.3%；距120日高点-2.1%；MA20/MA60同步上扬；收盘站上MA20；距离21日收盘高点3%以内；多周期均量扣低走高,10.0,MA20/MA60同步上扬；收盘站上MA20；距离21日收盘高点3%以内；多周期均量扣低走高,trade_ready,aligned,,,,,,,,,
2025-10-17,sz.301345,涛涛车业,收盘条件退出,236.47,236.47,-19.16,R75; condition stop; 14:55/close proxy,watch,-0.2621,-800.0,239.49,卖出,800.0,189176.0,16.08,94.59,94.59,205.26,112.08,191592.0,-2416.0,-2733.34,-1.4258,188970.74,,,,,,,,,,,,,,,,,,
2025-10-17,sh.688187,时代电气,右侧买入,57.51,57.51,19.55,R76; 直接突破首仓; 价格突破21日收盘高点; intraday_breakout,watch,-0.0114,3400.0,57.51,买入,3400.0,195534.0,16.62,0.0,97.77,114.39,0.0,,,-114.39,-0.0585,-195648.39,20.0,False,True,200.0,基本价值线模型入选；MA20/MA60同步上扬；收盘站上MA20；距离21日收盘高点3%以内；多周期均量扣低走高；基本面硬条件通过且多周期强度居前；20日强度+19.3%；60日强度+37.5%；120日强度+30.1%；距120日高点+0.0%；MA20/MA60同步上扬；收盘站上MA20；距离21日收盘高点3%以内；多周期均量扣低走高,10.0,MA20/MA60同步上扬；收盘站上MA20；距离21日收盘高点3%以内；多周期均量扣低走高,trade_ready,aligned,,,,,,,,,
2025-10-20,sh.688187,时代电气,突破次日未确认退出,55.26,55.26,-19.55,R76; 开盘未站上57.510; gap_stop,watch,-0.7854,-3400.0,57.51,卖出,3400.0,187884.0,15.97,93.94,93.94,203.85,114.39,195534.0,-7650.0,-7968.24,-4.0727,187680.15,,,,,,,,,,,,,,,,,,
2025-10-20,sz.001301,尚太科技,右侧买入,60.54,60.54,19.98,R77; 直接突破首仓; 价格突破21日收盘高点; gap_breakout,active,-0.0117,3300.0,60.54,买入,3300.0,199782.0,16.98,0.0,99.89,116.87,0.0,,,-116.87,-0.0585,-199898.87,20.0,False,True,100.0,基本价值线模型入选；MA20/MA60同步上扬；收盘站上MA20；距离21日收盘高点3%以内；量能高于5/10日基准1.33倍；多周期均量扣低走高；基本面硬条件通过且多周期强度居前；20日强度+31.5%；60日强度+64.2%；120日强度+66.1%；距120日高点-2.4%；MA20/MA60同步上扬；收盘站上MA20；距离21日收盘高点3%以内；量能高于5/10日基准1.33倍；多周期均量扣低走高,12.0,MA20/MA60同步上扬；收盘站上MA20；距离21日收盘高点3%以内；量能高于5/10日基准1.33倍；多周期均量扣低走高,trade_ready,aligned,,,,,,,,,
2025-10-21,sz.001301,尚太科技,突破次日未确认退出,58.82,58.82,-19.98,R77; 开盘未站上60.240; gap_stop,active,-0.5887,-3300.0,60.54,卖出,3300.0,194106.0,16.5,97.05,97.05,210.61,116.87,199782.0,-5676.0,-6003.48,-3.0033,193895.39,,,,,,,,,,,,,,,,,,
2025-10-21,sz.002028,思源电气,右侧买入,114.21,114.21,19.42,R78; 直接突破首仓; 价格突破21日收盘高点; gap_breakout,active,-0.0114,1700.0,114.21,买入,1700.0,194157.0,16.5,0.0,97.08,113.58,0.0,,,-113.58,-0.0585,-194270.58,20.0,False,True,100.0,基本面硬条件通过且多周期强度居前；20日强度+22.5%；60日强度+50.1%；120日强度+54.9%；距120日高点+0.0%；MA20/MA60同步上扬；收盘站上MA20；距离21日收盘高点3%以内；量能高于5/10日基准1.35倍；多周期均量扣低走高,12.0,MA20/MA60同步上扬；收盘站上MA20；距离21日收盘高点3%以内；量能高于5/10日基准1.35倍；多周期均量扣低走高,trade_ready,aligned,,,,,,,,,
2025-10-22,sz.300308,中际旭创,右侧买入,440.98,440.98,4.41,R79; 浮盈加仓33%; 价格突破21日收盘高点; intraday_breakout,active,-0.0027,100.0,440.98,买入,100.0,44098.0,5.0,0.0,22.05,27.05,0.0,,,-27.05,-0.0613,-44125.05,6.619866666666666,False,True,100.0,基本面硬条件通过且多周期强度居前；20日强度+8.3%；60日强度+135.1%；120日强度+454.2%；距120日高点+0.0%；收盘站上MA20；距离21日收盘高点3%以内；量能高于5/10日基准1.24倍；多周期均量扣低走高,8.0,收盘站上MA20；距离21日收盘高点3%以内；量能高于5/10日基准1.24倍；多周期均量扣低走高,trade_ready,aligned,,,,,,,,,
2025-10-23,sz.300308,中际旭创,收盘条件退出,440.36,440.36,-4.41,R79; condition stop; 14:55/close proxy,active,-0.0111,-100.0,440.98,卖出,100.0,44036.0,5.0,22.02,22.02,49.04,27.05,44098.0,-62.0,-138.09,-0.3129,43986.96,,,,,,,,,,,,,,,,,,
2025-10-24,sz.300308,中际旭创,右侧买入,449.47,449.47,4.49,R80; 浮盈加仓33%; 价格突破21日收盘高点; gap_breakout,active,-0.0027,100.0,449.47,买入,100.0,44947.0,5.0,0.0,22.47,27.47,0.0,,,-27.47,-0.0611,-44974.47,6.619866666666666,False,True,100.0,基本面硬条件通过且多周期强度居前；20日强度+8.7%；60日强度+137.0%；120日强度+444.8%；距120日高点-0.8%；MA20/MA60同步上扬；收盘站上MA20；距离21日收盘高点3%以内,9.0,MA20/MA60同步上扬；收盘站上MA20；距离21日收盘高点3%以内,trade_ready,aligned,,,,,,,,,
2025-10-27,sz.300502,新易盛,右侧买入,278.21,278.21,5.56,R81; 浮盈加仓33%; 价格突破21日收盘高点; gap_breakout,active,-0.0033,200.0,278.21,买入,200.0,55642.0,5.0,0.0,27.82,32.82,0.0,,,-32.82,-0.059,-55674.82,7.566233333333333,False,True,100.0,基本面硬条件通过且多周期强度居前；20日强度+7.9%；60日强度+115.8%；120日强度+451.0%；距120日高点-4.0%；MA20/MA60同步上扬；收盘站上MA20；量能高于5/10日基准1.28倍；多周期均量扣低走高,9.0,MA20/MA60同步上扬；收盘站上MA20；量能高于5/10日基准1.28倍；多周期均量扣低走高,trade_ready,aligned,,,,,,,,,
2025-10-28,sz.300308,中际旭创,右侧买入,508.34,508.34,5.08,R82; 浮盈加仓33%; 价格突破21日收盘高点; intraday_breakout,active,-0.003,100.0,508.34,买入,100.0,50834.0,5.0,0.0,25.42,30.42,0.0,,,-30.42,-0.0598,-50864.42,8.118099999999998,False,True,100.0,基本面硬条件通过且多周期强度居前；20日强度+20.9%；60日强度+175.1%；120日强度+513.4%；距120日高点+0.0%；MA20/MA60同步上扬；收盘站上MA20；距离21日收盘高点3%以内,9.0,MA20/MA60同步上扬；收盘站上MA20；距离21日收盘高点3%以内,trade_ready,aligned,,,,,,,,,
2025-10-30,sz.300502,新易盛,收盘条件退出,266.8,266.8,-5.56,R81; condition stop; 14:55/close proxy,active,-0.234,-200.0,278.21,卖出,200.0,53360.0,5.0,26.68,26.68,58.36,32.82,55642.0,-2282.0,-2373.18,-4.2626,53301.64,,,,,,,,,,,,,,,,,,
2025-10-31,sz.300308,中际旭创,收盘条件退出,472.45,472.45,-5.08,R82; condition stop; 14:55/close proxy,active,-0.3641,-100.0,508.34,卖出,100.0,47245.0,5.0,23.62,23.62,52.24,30.42,50834.0,-3589.0,-3671.66,-7.2185,47192.75,,,,,,,,,,,,,,,,,,
2025-10-31,sz.002028,思源电气,右侧买入,133.2,133.2,5.33,R83; 浮盈加仓33%; 价格突破21日收盘高点; intraday_breakout,active,-0.0032,400.0,133.2,买入,400.0,53280.0,5.0,0.0,26.64,31.64,0.0,,,-31.64,-0.0594,-53311.64,6.4719,False,True,100.0,基本面硬条件通过且多周期强度居前；20日强度+25.5%；60日强度+58.3%；120日强度+82.8%；距120日高点-3.2%；MA20/MA60同步上扬；收盘站上MA20；量能高于5/10日基准1.40倍；多周期均量扣低走高,9.0,MA20/MA60同步上扬；收盘站上MA20；量能高于5/10日基准1.40倍；多周期均量扣低走高,trade_ready,aligned,,,,,,,,,
2025-11-07,sz.002028,思源电气,右侧买入,147.08,147.08,7.35,R84; 浮盈加仓33%; 价格突破21日收盘高点; intraday_breakout,active,-0.0043,500.0,147.08,买入,500.0,73540.0,6.25,0.0,36.77,43.02,0.0,,,-43.02,-0.0585,-73583.02,8.2479,False,True,100.0,基本面硬条件通过且多周期强度居前；20日强度+31.8%；60日强度+91.1%；120日强度+100.5%；距120日高点+0.0%；MA20/MA60同步上扬；收盘站上MA20；距离21日收盘高点3%以内；量能高于5/10日基准1.32倍；多周期均量扣低走高,12.0,MA20/MA60同步上扬；收盘站上MA20；距离21日收盘高点3%以内；量能高于5/10日基准1.32倍；多周期均量扣低走高,trade_ready,aligned,,,,,,,,,
2025-11-10,sz.002028,思源电气,突破次日未确认退出,145.61,145.61,-7.35,R84; 开盘未站上147.080; gap_stop,active,-0.0814,-500.0,147.08,卖出,500.0,72805.0,6.19,36.4,36.4,78.99,43.02,73540.0,-735.0,-857.01,-1.1647,72726.01,,,,,,,,,,,,,,,,,,
2025-11-10,sz.002028,思源电气,右侧买入,147.08,147.08,7.35,R85; 浮盈加仓33%; 价格突破21日收盘高点; intraday_breakout,active,-0.0043,500.0,147.08,买入,500.0,73540.0,6.25,0.0,36.77,43.02,0.0,,,-43.02,-0.0585,-73583.02,8.2479,False,True,100.0,基本面硬条件通过且多周期强度居前；20日强度+32.2%；60日强度+88.0%；120日强度+98.9%；距120日高点-1.0%；MA20/MA60同步上扬；收盘站上MA20；距离21日收盘高点3%以内；多周期均量扣低走高,10.0,MA20/MA60同步上扬；收盘站上MA20；距离21日收盘高点3%以内；多周期均量扣低走高,trade_ready,aligned,,,,,,,,,
2025-11-11,sz.002028,思源电气,收盘条件退出,140.31,140.31,-7.35,R85; condition stop; 14:55/close proxy,active,-0.3461,-500.0,147.08,卖出,500.0,70155.0,5.96,35.08,35.08,76.12,43.02,73540.0,-3385.0,-3504.14,-4.7622,70078.88,,,,,,,,,,,,,,,,,,
2025-11-12,sz.002028,思源电气,右侧买入,137.94,137.94,11.04,R86; 浮盈加仓50%; 上涨波段75.0%拉回支撑; 共振=MA10; gap_or_open_fill,active,-0.0065,800.0,137.94,买入,800.0,110352.0,9.38,0.0,55.18,64.56,0.0,,,-64.56,-0.0585,-110416.56,12.37185,False,True,100.0,基本面硬条件通过且多周期强度居前；20日强度+37.0%；60日强度+76.5%；120日强度+91.8%；距120日高点-4.6%；MA20/MA60同步上扬；收盘站上MA20；多周期均量扣低走高,7.0,MA20/MA60同步上扬；收盘站上MA20；多周期均量扣低走高,trade_ready,aligned,0.75,99.9,152.11,2025-10-15,2025-11-07,uptrend_support_pullback,,,
2025-11-14,sz.002028,思源电气,右侧买入,151.91,151.91,10.63,R87; 浮盈加仓33%; 价格突破21日收盘高点; intraday_breakout,active,-0.0062,700.0,151.91,买入,700.0,106337.0,9.04,0.0,53.17,62.21,0.0,,,-62.21,-0.0585,-106399.21,11.926300000000001,False,True,100.0,基本面硬条件通过且多周期强度居前；20日强度+36.4%；60日强度+78.3%；120日强度+107.2%；距120日高点+0.0%；MA20/MA60同步上扬；收盘站上MA20；距离21日收盘高点3%以内；多周期均量扣低走高,10.0,MA20/MA60同步上扬；收盘站上MA20；距离21日收盘高点3%以内；多周期均量扣低走高,trade_ready,aligned,,,,,,,,,
2025-11-17,sz.002028,思源电气,突破次日未确认退出,148.37,148.37,-10.63,R87; 开盘未站上151.910; gap_stop,active,-0.2591,-700.0,151.91,卖出,700.0,103859.0,8.83,51.93,51.93,112.69,62.21,106337.0,-2478.0,-2652.89,-2.4933,103746.31,,,,,,,,,,,,,,,,,,
2025-11-21,sz.002028,思源电气,收盘条件退出,135.21,135.21,-11.04,R86; condition stop; 14:55/close proxy,active,-0.2301,-800.0,137.94,卖出,800.0,108168.0,9.19,54.08,54.08,117.36,64.56,110352.0,-2184.0,-2365.92,-2.1427,108050.64,,,,,,,,,,,,,,,,,,
2025-11-24,sz.002028,思源电气,统一分仓收盘止盈1份,135.92,135.92,-4.57,14:55/close proxy,active,0.8625,-400.0,114.21,卖出,400.0,54368.0,5.0,27.18,27.18,59.37,26.73,45684.0,8684.0,8597.91,18.8094,54308.63,,,,,,,,,,,,,,,,,,
2025-11-24,sz.300308,中际旭创,统一分仓收盘止盈1份,456.26,456.26,-2.93,14:55/close proxy,active,6.1899,-200.0,146.27,卖出,200.0,91252.0,7.76,45.63,45.63,99.01,17.11,29254.0,61998.0,61881.88,211.4094,91152.99,,,,,,,,,,,,,,,,,,
2025-11-26,sz.002028,思源电气,右侧买入,140.28,140.28,9.82,"R88; 浮盈加仓50%; 上涨波段75.0%拉回支撑; 共振=MA5,MA10,MA20; intraday_cross",exited,-0.0057,700.0,140.28,买入,700.0,98196.0,8.35,0.0,49.1,57.44,0.0,,,-57.44,-0.0585,-98253.44,10.08765,False,True,100.0,基本面硬条件通过且多周期强度居前；20日强度+14.8%；60日强度+67.1%；120日强度+100.9%；距120日高点-5.8%；MA20/MA60同步上扬；收盘站上MA20；多周期均量扣低走高,7.0,MA20/MA60同步上扬；收盘站上MA20；多周期均量扣低走高,trade_ready,aligned,0.75,99.9,153.74,2025-10-15,2025-11-14,uptrend_support_pullback,,,
2025-11-27,sz.002028,思源电气,收盘条件退出,139.74,139.74,-9.82,R88; condition stop; 14:55/close proxy,exited,-0.0484,-700.0,140.28,卖出,700.0,97818.0,8.31,48.91,48.91,106.13,57.44,98196.0,-378.0,-541.58,-0.5512,97711.87,,,,,,,,,,,,,,,,,,
2025-12-01,sz.002028,思源电气,右侧买入,142.309,142.3085,9.96,R89; 浮盈加仓50%; 上扬MA20/MA60结构回踩20日均线; intraday_cross,exited,-0.0058,700.0,142.3085,买入,700.0,99615.95,8.47,0.0,49.81,58.28,0.0,,,-58.28,-0.0585,-99674.23,10.08765,False,True,100.0,基本面硬条件通过且多周期强度居前；20日强度+9.2%；60日强度+68.4%；120日强度+100.7%；距120日高点-5.9%；MA20/MA60同步上扬；收盘站上MA20,6.0,MA20/MA60同步上扬；收盘站上MA20,watch,aligned,,,,,,,,,
2025-12-08,sz.002028,思源电气,右侧买入,160.08,160.08,9.6,R90; 浮盈加仓33%; 价格突破21日收盘高点; gap_breakout,exited,-0.0056,600.0,160.08,买入,600.0,96048.0,8.16,0.0,48.02,56.19,0.0,,,-56.19,-0.0585,-96104.19,10.045631666666665,False,True,100.0,基本面硬条件通过且多周期强度居前；20日强度+8.7%；60日强度+75.3%；120日强度+119.2%；距120日高点+0.0%；MA20/MA60同步上扬；收盘站上MA20；距离21日收盘高点3%以内；量能高于5/10日基准1.27倍；多周期均量扣低走高,12.0,MA20/MA60同步上扬；收盘站上MA20；距离21日收盘高点3%以内；量能高于5/10日基准1.27倍；多周期均量扣低走高,trade_ready,aligned,,,,,,,,,
2025-12-09,sz.002028,思源电气,突破次日未确认退出,153.36,153.36,-9.6,R90; 开盘未站上158.240; gap_stop,exited,-0.4132,-600.0,160.08,卖出,600.0,92016.0,7.82,46.01,46.01,99.84,56.19,96048.0,-4032.0,-4188.03,-4.3578,91916.16,,,,,,,,,,,,,,,,,,
2025-12-09,sz.002028,思源电气,右侧买入,158.24,158.24,9.49,R91; 浮盈加仓33%; 价格突破21日收盘高点; intraday_breakout,exited,-0.0056,600.0,158.24,买入,600.0,94944.0,8.07,0.0,47.47,55.54,0.0,,,-55.54,-0.0585,-94999.54,10.045631666666665,False,True,100.0,基本面硬条件通过且多周期强度居前；20日强度+5.5%；60日强度+65.5%；120日强度+115.8%；距120日高点-2.4%；MA20/MA60同步上扬；收盘站上MA20；距离21日收盘高点3%以内；多周期均量扣低走高,10.0,MA20/MA60同步上扬；收盘站上MA20；距离21日收盘高点3%以内；多周期均量扣低走高,trade_ready,aligned,,,,,,,,,
2025-12-10,sz.002028,思源电气,突破次日未确认退出,154.66,154.66,-9.49,R91; 开盘未站上158.240; gap_stop,exited,-0.2249,-600.0,158.24,卖出,600.0,92796.0,7.89,46.4,46.4,100.68,55.54,94944.0,-2148.0,-2304.23,-2.4255,92695.32,,,,,,,,,,,,,,,,,,
2025-12-10,sz.002028,思源电气,右侧买入,154.15,154.15,13.87,R92; 浮盈加仓50%; 上涨波段75.0%拉回支撑; 共振=MA5; intraday_cross,exited,-0.0081,900.0,154.15,买入,900.0,138735.0,11.79,0.0,69.37,81.16,0.0,,,-81.16,-0.0585,-138816.16,15.068447499999998,False,True,100.0,基本面硬条件通过且多周期强度居前；20日强度+11.3%；60日强度+68.1%；120日强度+116.1%；距120日高点-1.4%；MA20/MA60同步上扬；收盘站上MA20；距离21日收盘高点3%以内,9.0,MA20/MA60同步上扬；收盘站上MA20；距离21日收盘高点3%以内,trade_ready,aligned,0.75,132.94,161.22,2025-11-24,2025-12-08,uptrend_support_pullback,,,
2025-12-11,sz.002028,思源电气,收盘条件退出,153.23,153.23,-13.87,R92; condition stop; 14:55/close proxy,exited,-0.0978,-900.0,154.15,卖出,900.0,137907.0,11.72,68.95,68.95,149.63,81.16,138735.0,-828.0,-1058.79,-0.7627,137757.37,,,,,,,,,,,,,,,,,,
2025-12-15,sz.002028,思源电气,右侧买入,149.87,149.87,14.99,R93; 浮盈加仓50%; 上涨波段62.5%拉回支撑; 共振=MA10; gap_or_open_fill,exited,-0.0088,1000.0,149.87,买入,1000.0,149870.0,12.74,0.0,74.94,87.67,0.0,,,-87.67,-0.0585,-149957.67,15.068447499999998,False,True,100.0,基本面硬条件通过且多周期强度居前；20日强度+2.0%；60日强度+63.5%；120日强度+108.8%；距120日高点-4.3%；MA20/MA60同步上扬；收盘站上MA20；量能高于5/10日基准1.22倍,8.0,MA20/MA60同步上扬；收盘站上MA20；量能高于5/10日基准1.22倍,trade_ready,aligned,0.625,132.94,161.31,2025-11-24,2025-12-11,uptrend_support_pullback,,,
2025-12-16,sz.002028,思源电气,收盘条件退出,148.56,148.56,-14.99,R93; condition stop; 14:55/close proxy,exited,-0.1471,-1000.0,149.87,卖出,1000.0,148560.0,12.63,74.28,74.28,161.19,87.67,149870.0,-1310.0,-1558.86,-1.0395,148398.81,,,,,,,,,,,,,,,,,,
2025-12-17,sz.002028,思源电气,右侧买入,147.125,147.125,14.71,R94; 浮盈加仓50%; 上涨波段50.0%拉回支撑; 共振=MA20; intraday_cross,exited,-0.0086,1000.0,147.125,买入,1000.0,147125.0,12.51,0.0,73.56,86.07,0.0,,,-86.07,-0.0585,-147211.07,15.068447499999998,False,True,100.0,基本面硬条件通过且多周期强度居前；20日强度+4.4%；60日强度+60.0%；120日强度+108.3%；距120日高点-6.1%；MA20/MA60同步上扬；收盘站上MA20；量能高于5/10日基准1.49倍；多周期均量扣低走高,9.0,MA20/MA60同步上扬；收盘站上MA20；量能高于5/10日基准1.49倍；多周期均量扣低走高,trade_ready,aligned,0.5,132.94,161.31,2025-11-24,2025-12-11,uptrend_support_pullback,,,
2025-12-18,sz.002028,思源电气,收盘条件退出,143.59,143.59,-14.71,R94; condition stop; 14:55/close proxy,exited,-0.3691,-1000.0,147.125,卖出,1000.0,143590.0,12.21,71.8,71.8,155.8,86.07,147125.0,-3535.0,-3776.86,-2.5656,143434.2,,,,,,,,,,,,,,,,,,
2025-12-18,sz.002028,思源电气,统一分仓收盘止盈1份,143.59,143.59,-4.57,14:55/close proxy,exited,1.169,-400.0,114.21,卖出,400.0,57436.0,5.0,28.72,28.72,62.44,26.73,45684.0,11752.0,11662.84,25.5144,57373.56,,,,,,,,,,,,,,,,,,
2025-12-23,sz.002028,思源电气,右侧买入,148.622,148.622,11.89,R95; 浮盈加仓50%; 上扬MA20/MA60结构回踩20日均线; intraday_cross,exited,-0.007,800.0,148.622,买入,800.0,118897.6,10.11,0.0,59.45,69.56,0.0,,,-69.56,-0.0585,-118967.16,12.784247500000001,False,True,100.0,基本面硬条件通过且多周期强度居前；20日强度+10.1%；60日强度+50.9%；120日强度+108.6%；距120日高点-5.4%；MA20/MA60同步上扬；收盘站上MA20,6.0,MA20/MA60同步上扬；收盘站上MA20,watch,aligned,,,,,,,,,
2026-01-12,sz.002028,思源电气,收盘条件退出,158.62,158.62,-11.89,R95; entry time condition; 14:55/close proxy,active,0.7861,-800.0,148.622,卖出,800.0,126896.0,10.79,63.45,63.45,137.68,69.56,118897.6,7998.4,7791.16,6.549,126758.32,,,,,,,,,,,,,,,,,,
2026-01-14,sz.002028,思源电气,右侧买入,161.71,161.71,8.09,R96; 浮盈加仓33%; 价格突破21日收盘高点; gap_breakout,active,-0.0047,500.0,161.71,买入,500.0,80855.0,6.87,0.0,40.43,47.3,0.0,,,-47.3,-0.0585,-80902.3,8.522831666666667,False,True,100.0,基本面硬条件通过且多周期强度居前；20日强度+6.7%；60日强度+52.7%；120日强度+104.8%；距120日高点+0.0%；MA20/MA60同步上扬；收盘站上MA20；距离21日收盘高点3%以内；量能高于5/10日基准2.23倍；多周期均量扣低走高,12.0,MA20/MA60同步上扬；收盘站上MA20；距离21日收盘高点3%以内；量能高于5/10日基准2.23倍；多周期均量扣低走高,trade_ready,aligned,,,,,,,,,
2026-01-15,sz.002028,思源电气,突破次日未确认退出,161.17,161.17,-8.09,R96; 开盘未站上161.650; gap_stop,active,-0.0357,-500.0,161.71,卖出,500.0,80585.0,6.85,40.29,40.29,87.43,47.3,80855.0,-270.0,-404.73,-0.5003,80497.57,,,,,,,,,,,,,,,,,,
2026-01-19,sz.002028,思源电气,右侧买入,189.18,189.18,7.57,R97; 浮盈加仓33%; 价格突破21日收盘高点; gap_breakout,active,-0.0044,400.0,189.18,买入,400.0,75672.0,6.43,0.0,37.84,44.27,0.0,,,-44.27,-0.0585,-75716.27,8.522831666666667,False,True,100.0,基本面硬条件通过且多周期强度居前；20日强度+23.9%；60日强度+56.5%；120日强度+135.3%；距120日高点+0.0%；MA20/MA60同步上扬；收盘站上MA20；距离21日收盘高点3%以内；量能高于5/10日基准1.30倍；多周期均量扣低走高,12.0,MA20/MA60同步上扬；收盘站上MA20；距离21日收盘高点3%以内；量能高于5/10日基准1.30倍；多周期均量扣低走高,trade_ready,aligned,,,,,,,,,
2026-01-29,sz.002028,思源电气,收盘条件退出,185.11,185.11,-7.57,R97; condition stop; 14:55/close proxy,active,-0.1708,-400.0,189.18,卖出,400.0,74044.0,6.29,37.02,37.02,80.34,44.27,75672.0,-1628.0,-1752.61,-2.3147,73963.66,,,,,,,,,,,,,,,,,,
2026-02-10,sz.002028,思源电气,右侧买入,203.63,203.63,8.15,R98; 浮盈加仓33%; 价格突破21日收盘高点; intraday_breakout,exited,-0.0048,400.0,203.63,买入,400.0,81452.0,6.92,0.0,40.73,47.65,0.0,,,-47.65,-0.0585,-81499.65,8.522831666666667,False,True,100.0,基本面硬条件通过且多周期强度居前；20日强度+26.8%；60日强度+32.4%；120日强度+136.0%；距120日高点-1.2%；MA20/MA60同步上扬；收盘站上MA20；距离21日收盘高点3%以内；多周期均量扣低走高,10.0,MA20/MA60同步上扬；收盘站上MA20；距离21日收盘高点3%以内；多周期均量扣低走高,trade_ready,aligned,,,,,,,,,
2026-03-04,sz.002028,思源电气,右侧买入,226.36,226.36,9.05,R99; 浮盈加仓33%; 价格突破21日收盘高点; intraday_breakout,exited,-0.0053,400.0,226.36,买入,400.0,90544.0,7.7,0.0,45.27,52.97,0.0,,,-52.97,-0.0585,-90596.97,11.237898333333332,False,True,100.0,基本面硬条件通过且多周期强度居前；20日强度+15.6%；60日强度+56.3%；120日强度+158.9%；距120日高点-3.5%；MA20/MA60同步上扬；收盘站上MA20,6.0,MA20/MA60同步上扬；收盘站上MA20,watch,aligned,,,,,,,,,
2026-03-05,sz.002028,思源电气,突破次日未确认退出,224.04,224.04,-9.05,R99; 开盘未站上226.360; gap_stop,exited,-0.1025,-400.0,226.36,卖出,400.0,89616.0,7.62,44.81,44.81,97.23,52.97,90544.0,-928.0,-1078.2,-1.1901,89518.77,,,,,,,,,,,,,,,,,,
2026-03-05,sz.002028,思源电气,右侧买入,226.36,226.36,9.05,R100; 浮盈加仓33%; 价格突破21日收盘高点; intraday_breakout,exited,-0.0053,400.0,226.36,买入,400.0,90544.0,7.7,0.0,45.27,52.97,0.0,,,-52.97,-0.0585,-90596.97,11.237898333333332,False,True,100.0,基本面硬条件通过且多周期强度居前；20日强度+18.8%；60日强度+56.7%；120日强度+164.0%；距120日高点-1.1%；MA20/MA60同步上扬；收盘站上MA20；距离21日收盘高点3%以内；多周期均量扣低走高,10.0,MA20/MA60同步上扬；收盘站上MA20；距离21日收盘高点3%以内；多周期均量扣低走高,trade_ready,aligned,,,,,,,,,
2026-03-11,sz.002028,思源电气,收盘条件退出,220.03,220.03,-9.05,R100; condition stop; 14:55/close proxy,exited,-0.2627,-400.0,226.36,卖出,400.0,88012.0,7.48,44.01,44.01,95.49,52.97,90544.0,-2532.0,-2680.46,-2.9587,87916.51,,,,,,,,,,,,,,,,,,
2026-03-12,sz.002028,思源电气,右侧买入,215.595,215.59500000000003,15.09,R101; 浮盈加仓50%; 上涨波段75.0%拉回支撑; 共振=MA20; intraday_cross,exited,-0.0088,700.0,215.59500000000003,买入,700.0,150916.5,12.83,0.0,75.46,88.29,0.0,,,-88.29,-0.0585,-151004.79,16.8568475,False,True,100.0,主流标准基本面模型入选；MA20/MA60同步上扬；收盘站上MA20；基本面硬条件通过且多周期强度居前；20日强度+10.8%；60日强度+39.0%；120日强度+143.8%；距120日高点-5.4%；MA20/MA60同步上扬；收盘站上MA20,6.0,MA20/MA60同步上扬；收盘站上MA20,watch,aligned,0.75,148.05,238.11,2026-01-05,2026-03-06,uptrend_support_pullback,,,
2026-03-13,sz.002028,思源电气,收盘条件退出,210.51,210.51,-15.09,R101; condition stop; 14:55/close proxy,exited,-0.3719,-700.0,215.59500000000003,卖出,700.0,147357.0,12.53,73.68,73.68,159.88,88.29,150916.5,-3559.5,-3807.67,-2.5216,147197.12,,,,,,,,,,,,,,,,,,
2026-03-19,sz.002028,思源电气,右侧买入,214.77,214.77,15.03,"R102; 浮盈加仓50%; 上涨波段75.0%拉回支撑; 共振=MA5,MA10,MA20; gap_or_open_fill",watch,-0.0088,700.0,214.77,买入,700.0,150339.0,12.78,0.0,75.17,87.95,0.0,,,-87.95,-0.0585,-150426.95,16.8568475,False,True,100.0,基本面硬条件通过且多周期强度居前；20日强度+5.6%；60日强度+44.4%；120日强度+136.2%；距120日高点-5.9%；MA20/MA60同步上扬；贴近上扬MA20支撑,6.0,MA20/MA60同步上扬；贴近上扬MA20支撑,watch,aligned,0.75,148.05,238.11,2026-01-05,2026-03-06,uptrend_support_pullback,,,
2026-03-20,sz.002028,思源电气,收盘条件退出,202.84,202.84,-8.15,R98; condition stop; 14:55/close proxy,watch,-0.0404,-400.0,203.63,卖出,400.0,81136.0,6.9,40.57,40.57,88.03,47.65,81452.0,-316.0,-451.68,-0.5542,81047.97,,,,,,,,,,,,,,,,,,
2026-03-20,sz.002028,思源电气,收盘条件退出,202.84,202.84,-15.03,R102; condition stop; 14:55/close proxy,watch,-0.8505,-700.0,214.77,卖出,700.0,141988.0,12.07,70.99,70.99,154.06,87.95,150339.0,-8351.0,-8593.01,-5.7124,141833.94,,,,,,,,,,,,,,,,,,
2026-03-23,sz.002028,思源电气,统一分仓收盘止盈1份,200.95,200.95,-4.57,14:55/close proxy,watch,3.4609,-400.0,114.21,卖出,400.0,80380.0,6.83,40.19,40.19,87.21,26.73,45684.0,34696.0,34582.06,75.6542,80292.79,,,,,,,,,,,,,,,,,,
2026-04-21,sz.002028,思源电气,右侧买入,216.9,216.9,6.51,R103; 浮盈加仓33%; 价格突破21日收盘高点; intraday_breakout,active,-0.0038,300.0,216.9,买入,300.0,65070.0,5.53,0.0,32.54,38.07,0.0,,,-38.07,-0.0585,-65108.07,7.000031666666666,False,True,100.0,基本面硬条件通过且多周期强度居前；20日强度+6.9%；60日强度+28.9%；120日强度+77.3%；距120日高点-6.7%；MA20/MA60同步上扬；收盘站上MA20；距离21日收盘高点3%以内；量能高于5/10日基准1.48倍；多周期均量扣低走高,12.0,MA20/MA60同步上扬；收盘站上MA20；距离21日收盘高点3%以内；量能高于5/10日基准1.48倍；多周期均量扣低走高,trade_ready,aligned,,,,,,,,,
2026-04-22,sz.002028,思源电气,突破次日未确认退出,214.1,214.1,-6.51,R103; 开盘未站上216.900; gap_stop,active,-0.091,-300.0,216.9,卖出,300.0,64230.0,5.46,32.12,32.12,69.69,38.07,65070.0,-840.0,-947.76,-1.4557,64160.31,,,,,,,,,,,,,,,,,,
2026-05-15,sz.300502,新易盛,右侧买入,448.7,448.7,4.49,R104; 浮盈加仓33%; 价格突破21日收盘高点; intraday_breakout,active,-0.0027,100.0,448.7,买入,100.0,44870.0,5.0,0.0,22.43,27.43,0.0,,,-27.43,-0.0611,-44897.43,7.566233333333333,False,True,100.0,主流标准基本面模型入选；MA20/MA60同步上扬；收盘站上MA20；距离21日收盘高点3%以内；基本面硬条件通过且多周期强度居前；20日强度+20.5%；60日强度+61.3%；120日强度+89.5%；距120日高点-1.8%；MA20/MA60同步上扬；收盘站上MA20；距离21日收盘高点3%以内,9.0,MA20/MA60同步上扬；收盘站上MA20；距离21日收盘高点3%以内,trade_ready,aligned,,,,,,,,,
2026-05-18,sz.300502,新易盛,突破次日未确认退出,427.3,427.3,-4.49,R104; 开盘未站上448.700; gap_stop,active,-0.2188,-100.0,448.7,卖出,100.0,42730.0,5.0,21.37,21.37,47.73,27.43,44870.0,-2140.0,-2215.16,-4.9338,42682.27,,,,,,,,,,,,,,,,,,
2026-06-04,sz.300502,新易盛,右侧买入,558.03,558.03,5.58,R105; 浮盈加仓33%; 价格突破21日收盘高点; intraday_breakout,active,-0.0033,100.0,558.03,买入,100.0,55803.0,5.0,0.0,27.9,32.9,0.0,,,-32.9,-0.059,-55835.9,7.566233333333333,False,True,100.0,主流标准基本面模型入选；MA20/MA60同步上扬；收盘站上MA20；距离21日收盘高点3%以内；多周期均量扣低走高；基本面硬条件通过且多周期强度居前；20日强度+49.7%；60日强度+95.0%；120日强度+120.0%；距120日高点+0.0%；MA20/MA60同步上扬；收盘站上MA20；距离21日收盘高点3%以内；多周期均量扣低走高,10.0,MA20/MA60同步上扬；收盘站上MA20；距离21日收盘高点3%以内；多周期均量扣低走高,trade_ready,aligned,,,,,,,,,
2026-06-05,sz.002028,思源电气,统一分仓收盘止盈1份,176.74,176.74,-4.57,14:55/close proxy,exited,2.4935,-400.0,114.21,卖出,400.0,70696.0,6.01,35.35,35.35,76.71,26.73,45684.0,25012.0,24908.57,54.4917,70619.29,,,,,,,,,,,,,,,,,,
2026-06-05,sz.300502,新易盛,收盘条件退出,533.59,533.59,-5.58,R105; condition stop; 14:55/close proxy,exited,-0.2502,-100.0,558.03,卖出,100.0,53359.0,5.0,26.68,26.68,58.36,32.9,55803.0,-2444.0,-2535.26,-4.5406,53300.64,,,,,,,,,,,,,,,,,,
2026-06-09,sz.300502,新易盛,右侧买入,558.03,558.03,5.58,R106; 浮盈加仓33%; 价格突破21日收盘高点; intraday_breakout,exited,-0.0033,100.0,558.03,买入,100.0,55803.0,5.0,0.0,27.9,32.9,0.0,,,-32.9,-0.059,-55835.9,7.566233333333333,False,True,100.0,主流标准基本面模型入选；MA20/MA60同步上扬；收盘站上MA20；基本面硬条件通过且多周期强度居前；20日强度+28.6%；60日强度+82.5%；120日强度+93.7%；距120日高点-7.3%；MA20/MA60同步上扬；收盘站上MA20,6.0,MA20/MA60同步上扬；收盘站上MA20,watch,aligned,,,,,,,,,
2026-06-10,sz.300502,新易盛,收盘条件退出,551.07,551.07,-5.58,R106; condition stop; 14:55/close proxy,exited,-0.0756,-100.0,558.03,卖出,100.0,55107.0,5.0,27.55,27.55,60.11,32.9,55803.0,-696.0,-789.01,-1.4131,55046.89,,,,,,,,,,,,,,,,,,
2026-06-22,sz.300502,新易盛,右侧买入,584.1,584.1,5.84,R107; 浮盈加仓33%; 价格突破21日收盘高点; gap_breakout,exited,-0.0034,100.0,584.1,买入,100.0,58410.0,5.0,0.0,29.21,34.2,0.0,,,-34.2,-0.0586,-58444.21,7.566233333333333,False,True,100.0,主流标准基本面模型入选；MA20/MA60同步上扬；收盘站上MA20；距离21日收盘高点3%以内；多周期均量扣低走高；基本面硬条件通过且多周期强度居前；20日强度+44.0%；60日强度+70.9%；120日强度+100.2%；距120日高点+0.0%；MA20/MA60同步上扬；收盘站上MA20；距离21日收盘高点3%以内；多周期均量扣低走高,10.0,MA20/MA60同步上扬；收盘站上MA20；距离21日收盘高点3%以内；多周期均量扣低走高,trade_ready,aligned,,,,,,,,,
2026-06-23,sz.300502,新易盛,突破次日未确认退出,575.0,575.0,-5.84,R107; 开盘未站上581.480; gap_stop,exited,-0.0972,-100.0,584.1,卖出,100.0,57500.0,5.0,28.75,28.75,62.5,34.2,58410.0,-910.0,-1006.71,-1.7225,57437.5,,,,,,,,,,,,,,,,,,
2026-06-23,sz.300502,新易盛,右侧买入,581.48,581.48,5.81,R108; 浮盈加仓33%; 价格突破21日收盘高点; intraday_breakout,exited,-0.0034,100.0,581.48,买入,100.0,58148.0,5.0,0.0,29.07,34.07,0.0,,,-34.07,-0.0586,-58182.07,7.566233333333333,False,True,100.0,主流标准基本面模型入选；MA20/MA60同步上扬；收盘站上MA20；距离21日收盘高点3%以内；多周期均量扣低走高；基本面硬条件通过且多周期强度居前；20日强度+34.0%；60日强度+76.6%；120日强度+82.2%；距120日高点-0.3%；MA20/MA60同步上扬；收盘站上MA20；距离21日收盘高点3%以内；多周期均量扣低走高,10.0,MA20/MA60同步上扬；收盘站上MA20；距离21日收盘高点3%以内；多周期均量扣低走高,trade_ready,aligned,,,,,,,,,
2026-06-24,sz.300502,新易盛,突破次日未确认退出,552.0,552.0,-5.81,R108; 开盘未站上581.480; gap_stop,exited,-0.3008,-100.0,581.48,卖出,100.0,55200.0,5.0,27.6,27.6,60.2,34.07,58148.0,-2948.0,-3042.27,-5.2289,55139.8,,,,,,,,,,,,,,,,,,
2026-07-01,sz.300502,新易盛,右侧买入,610.49,610.49,6.1,R109; 浮盈加仓33%; 价格突破21日收盘高点; intraday_breakout,active,-0.0036,100.0,610.49,买入,100.0,61049.0,5.19,0.0,30.52,35.71,0.0,,,-35.71,-0.0585,-61084.71,7.566233333333333,False,True,100.0,主流标准基本面模型入选；MA20/MA60同步上扬；收盘站上MA20；距离21日收盘高点3%以内；多周期均量扣低走高；基本面硬条件通过且多周期强度居前；20日强度+25.2%；60日强度+92.1%；120日强度+89.9%；距120日高点-0.6%；MA20/MA60同步上扬；收盘站上MA20；距离21日收盘高点3%以内；多周期均量扣低走高,10.0,MA20/MA60同步上扬；收盘站上MA20；距离21日收盘高点3%以内；多周期均量扣低走高,trade_ready,aligned,,,,,,,,,
2026-07-02,sz.300502,新易盛,突破次日未确认退出,545.0,545.0,-6.1,R109; 开盘未站上610.490; gap_stop,active,-0.6608,-100.0,610.49,卖出,100.0,54500.0,5.0,27.25,27.25,59.5,35.71,61049.0,-6549.0,-6644.21,-10.877,54440.5,,,,,,,,,,,,,,,,,,
