序号,日期,股票,代码,买卖,操作摘要,交易结果,成交价,数量(股),成交金额(元),手续费税费滑点(元),买卖理由,本次已实现盈亏(元),本次收益率(%),交易后持股(股),持仓状态,现金变化(元),选股理由,买卖依据对照,结构比例,锚点低/高,锚点日期
1,2024-09-25,中国人寿,sh.601628,买入,"买入中国人寿(sh.601628) 5500股，成交价36.17，成交金额198,935.00元，现金-199,051.38元，交易后持股5500股",建仓成本116.38元,36.17,5500,198935.0,116.38,直接突破首仓；价格突破21日收盘高点；跳空越过触发价成交,-116.38,,5500,持有5500股,-199051.38,主流标准基本面模型入选；MA20/MA60同步上扬；收盘站上MA20；距离21日收盘高点3%以内；量能高于5/10日基准1.61倍；多周期均量扣低走高,MA20/MA60同步上扬；收盘站上MA20；距离21日收盘高点3%以内；量能高于5/10日基准1.61倍；多周期均量扣低走高,,,
2,2024-10-08,金山办公,sh.688111,买入,"买入金山办公(sh.688111) 600股，成交价316.77，成交金额190,062.00元，现金-190,173.19元，交易后持股600股",建仓成本111.19元,316.77,600,190062.0,111.19,直接突破首仓；上涨波段50%有效跌破后重新突破；跳空越过触发价成交,-111.19,,600,持有600股,-190173.19,主流标准基本面模型入选；MA20/MA60同步上扬；收盘站上MA20；距离21日收盘高点3%以内；量能高于5/10日基准3.40倍；多周期均量扣低走高,MA20/MA60同步上扬；收盘站上MA20；距离21日收盘高点3%以内；量能高于5/10日基准3.40倍；多周期均量扣低走高,0.5,266.68 / 363.34,2024-03-11 → 2024-03-21
3,2024-10-09,金山办公,sh.688111,卖出,"卖出金山办公(sh.688111) 600股，成交价293.96，成交金额176,376.00元，现金+176,184.63元，本次亏损-13,988.55元，收益率-7.36%，清仓","亏损-13,988.55元 (-7.36%)",293.96,600,176376.0,191.37,开盘未站上315.010；跳空止损成交,-13988.55,-7.3557,0,清仓,176184.63,,,,,
4,2024-10-09,中国人寿,sh.601628,卖出,"卖出中国人寿(sh.601628) 1100股，成交价41.94，成交金额46,134.00元，现金+46,082.87元，本次盈利+6,272.59元，收益率+15.76%，剩余4400股","盈利6,272.59元 (+15.76%)",41.94,1100,46134.0,51.13,14:55收盘代理价成交,6272.59,15.7562,4400,持有4400股,46082.87,,,,,
5,2024-10-09,天孚通信,sz.300394,买入,"买入天孚通信(sz.300394) 3300股，成交价60.6，成交金额199,980.00元，现金-200,096.99元，交易后持股3300股",建仓成本116.99元,60.6,3300,199980.0,116.99,直接突破首仓；价格突破21日收盘高点；盘中突破成交,-116.99,,3300,持有3300股,-200096.99,基本价值线模型入选；MA20/MA60同步上扬；收盘站上MA20；距离21日收盘高点3%以内；量能高于5/10日基准1.61倍；多周期均量扣低走高,MA20/MA60同步上扬；收盘站上MA20；距离21日收盘高点3%以内；量能高于5/10日基准1.61倍；多周期均量扣低走高,,,
6,2024-10-10,天孚通信,sz.300394,卖出,"卖出天孚通信(sz.300394) 3300股，成交价56.27，成交金额185,691.00元，现金+185,489.53元，本次亏损-14,607.46元，收益率-7.30%，清仓","亏损-14,607.46元 (-7.30%)",56.27,3300,185691.0,201.47,开盘未站上60.600；跳空止损成交,-14607.46,-7.3002,0,清仓,185489.53,,,,,
7,2024-10-10,中国人寿,sh.601628,买入,"买入中国人寿(sh.601628) 1900股，成交价41.67，成交金额79,173.00元，现金-79,219.32元，交易后持股6300股",建仓成本46.32元,41.67,1900,79173.0,46.32,浮盈加仓50%；上涨波段75.0%拉回支撑；共振=MA5；开盘已触发成交,-46.32,,6300,持有6300股,-79219.32,主流标准基本面模型入选；MA20/MA60同步上扬；收盘站上MA20；量能高于5/10日基准2.08倍；多周期均量扣低走高,MA20/MA60同步上扬；收盘站上MA20；量能高于5/10日基准2.08倍；多周期均量扣低走高,0.75,27.88 / 46.6,2024-08-12 → 2024-10-08
8,2024-10-10,奥特维,sh.688516,买入,"买入奥特维(sh.688516) 3400股，成交价56.325，成交金额191,505.00元，现金-191,617.03元，交易后持股3400股",建仓成本112.03元,56.325,3400,191505.0,112.03,直接突破首仓；上涨波段50%有效跌破后重新突破；盘中突破成交,-112.03,,3400,持有3400股,-191617.03,基本价值线模型入选；MA20/MA60同步上扬；收盘站上MA20；距离21日收盘高点3%以内；量能高于5/10日基准1.66倍；多周期均量扣低走高,MA20/MA60同步上扬；收盘站上MA20；距离21日收盘高点3%以内；量能高于5/10日基准1.66倍；多周期均量扣低走高,0.5,40.9 / 71.75,2024-02-05 → 2024-04-11
9,2024-10-11,奥特维,sh.688516,卖出,"卖出奥特维(sh.688516) 3400股，成交价49.89，成交金额169,626.00元，现金+169,441.96元，本次亏损-22,175.07元，收益率-11.57%，清仓","亏损-22,175.07元 (-11.57%)",49.89,3400,169626.0,184.04,开盘未站上56.325；跳空止损成交,-22175.07,-11.5726,0,清仓,169441.96,,,,,
10,2024-10-11,中国人寿,sh.601628,卖出,"卖出中国人寿(sh.601628) 1900股，成交价41.11，成交金额78,109.00元，现金+78,024.25元，本次亏损-1,195.06元，收益率-1.51%，剩余4400股","亏损-1,195.06元 (-1.51%)",41.11,1900,78109.0,84.75,收盘条件止损；14:55收盘代理价成交,-1195.06,-1.5086,4400,持有4400股,78024.25,,,,,
11,2024-10-11,中国人寿,sh.601628,卖出,"卖出中国人寿(sh.601628) 1100股，成交价41.11，成交金额45,221.00元，现金+45,170.78元，本次盈利+5,360.50元，收益率+13.47%，剩余3300股","盈利5,360.50元 (+13.47%)",41.11,1100,45221.0,50.22,14:55收盘代理价成交,5360.5,13.4651,3300,持有3300股,45170.78,,,,,
12,2024-10-11,天孚通信,sz.300394,买入,"买入天孚通信(sz.300394) 5700股，成交价52.36，成交金额298,452.00元，现金-298,626.59元，交易后持股5700股",建仓成本174.59元,52.36,5700,298452.0,174.59,33上行首仓；上涨波段75.0%拉回支撑；共振=MA5；开盘已触发成交,-174.59,,5700,持有5700股,-298626.59,基本价值线模型入选；MA20/MA60同步上扬；收盘站上MA20；多周期均量扣低走高,MA20/MA60同步上扬；收盘站上MA20；多周期均量扣低走高,0.75,28.33 / 60.82,2024-01-29 → 2024-10-09
13,2024-10-14,天孚通信,sz.300394,卖出,"卖出天孚通信(sz.300394) 5700股，成交价51.42，成交金额293,094.00元，现金+292,775.99元，本次亏损-5,850.60元，收益率-1.96%，清仓","亏损-5,850.60元 (-1.96%)",51.42,5700,293094.0,318.01,收盘条件止损；14:55收盘代理价成交,-5850.6,-1.9592,0,清仓,292775.99,,,,,
14,2024-10-14,达梦数据,sh.688692,买入,"买入达梦数据(sh.688692) 800股，成交价202.425，成交金额161,940.00元，现金-162,034.73元，交易后持股800股",建仓成本94.73元,202.425,800,161940.0,94.73,直接突破首仓；上涨波段50%有效跌破后重新突破；盘中突破成交,-94.73,,800,持有800股,-162034.73,主流标准基本面模型入选；MA20/MA60同步上扬；收盘站上MA20；多周期均量扣低走高,MA20/MA60同步上扬；收盘站上MA20；多周期均量扣低走高,0.5,155.04 / 249.81,2024-09-24 → 2024-10-08
15,2024-10-15,中国人寿,sh.601628,买入,"买入中国人寿(sh.601628) 1400股，成交价41.64，成交金额58,296.00元，现金-58,330.15元，交易后持股4700股",建仓成本34.15元,41.64,1400,58296.0,34.15,浮盈加仓50%；上涨波段75.0%拉回支撑；共振=MA5；开盘已触发成交,-34.15,,4700,持有4700股,-58330.15,主流标准基本面模型入选；MA20/MA60同步上扬；收盘站上MA20；多周期均量扣低走高,MA20/MA60同步上扬；收盘站上MA20；多周期均量扣低走高,0.75,29.67 / 46.6,2023-07-21 → 2024-10-08
16,2024-10-16,中国人寿,sh.601628,卖出,"卖出中国人寿(sh.601628) 1400股，成交价41.34，成交金额57,876.00元，现金+57,813.12元，本次亏损-517.02元，收益率-0.89%，剩余3300股",亏损-517.02元 (-0.89%),41.34,1400,57876.0,62.88,收盘条件止损；14:55收盘代理价成交,-517.02,-0.8864,3300,持有3300股,57813.12,,,,,
17,2024-10-17,中国人寿,sh.601628,买入,"买入中国人寿(sh.601628) 1400股，成交价41.24，成交金额57,736.00元，现金-57,769.87元，交易后持股4700股",建仓成本33.87元,41.24,1400,57736.0,33.87,"浮盈加仓50%；上涨波段75.0%拉回支撑；共振=MA5,MA10；盘中触及结构位成交",-33.87,,4700,持有4700股,-57769.87,主流标准基本面模型入选；MA20/MA60同步上扬；收盘站上MA20,MA20/MA60同步上扬；收盘站上MA20,0.75,25.16 / 46.6,2024-04-12 → 2024-10-08
18,2024-10-21,天孚通信,sz.300394,买入,"买入天孚通信(sz.300394) 5600股，成交价52.697，成交金额295,106.00元，现金-295,278.64元，交易后持股5600股",建仓成本172.64元,52.697,5600,295106.0,172.64,33上行首仓；上涨波段75.0%拉回支撑；共振=MA10；盘中触及结构位成交,-172.64,,5600,持有5600股,-295278.64,基本价值线模型入选；MA20/MA60同步上扬；收盘站上MA20；量能高于5/10日基准1.28倍；多周期均量扣低走高,MA20/MA60同步上扬；收盘站上MA20；量能高于5/10日基准1.28倍；多周期均量扣低走高,0.75,28.33 / 60.82,2024-01-29 → 2024-10-09
19,2024-10-22,达梦数据,sh.688692,买入,"买入达梦数据(sh.688692) 200股，成交价214.271，成交金额42,854.25元，现金-42,880.68元，交易后持股1000股",建仓成本26.43元,214.271,200,42854.25,26.43,"浮盈加仓50%；上涨波段62.5%拉回支撑；共振=MA5,MA10；盘中触及结构位成交",-26.43,,1000,持有1000股,-42880.68,主流标准基本面模型入选；MA20/MA60同步上扬；收盘站上MA20；多周期均量扣低走高,MA20/MA60同步上扬；收盘站上MA20；多周期均量扣低走高,0.625,155.04 / 249.81,2024-09-24 → 2024-10-08
20,2024-10-23,达梦数据,sh.688692,卖出,"卖出达梦数据(sh.688692) 200股，成交价208.75，成交金额41,750.00元，现金+41,703.25元，本次亏损-1,177.43元，收益率-2.75%，剩余800股","亏损-1,177.43元 (-2.75%)",208.75,200,41750.0,46.75,收盘条件止损；14:55收盘代理价成交,-1177.43,-2.7458,800,持有800股,41703.25,,,,,
21,2024-10-23,天孚通信,sz.300394,买入,"买入天孚通信(sz.300394) 1500股，成交价62.28，成交金额93,420.00元，现金-93,474.65元，交易后持股7100股",建仓成本54.65元,62.28,1500,93420.0,54.65,浮盈加仓33%；价格突破21日收盘高点；盘中突破成交,-54.65,,7100,持有7100股,-93474.65,基本价值线模型入选；MA20/MA60同步上扬；收盘站上MA20；距离21日收盘高点3%以内；量能高于5/10日基准1.54倍；多周期均量扣低走高,MA20/MA60同步上扬；收盘站上MA20；距离21日收盘高点3%以内；量能高于5/10日基准1.54倍；多周期均量扣低走高,,,
22,2024-10-24,天孚通信,sz.300394,卖出,"卖出天孚通信(sz.300394) 1500股，成交价59.4，成交金额89,100.00元，现金+89,003.33元，本次亏损-4,471.32元，收益率-4.78%，剩余5600股","亏损-4,471.32元 (-4.78%)",59.4,1500,89100.0,96.67,开盘未站上62.280；跳空止损成交,-4471.32,-4.7835,5600,持有5600股,89003.33,,,,,
23,2024-10-24,天孚通信,sz.300394,买入,"买入天孚通信(sz.300394) 1500股，成交价62.28，成交金额93,420.00元，现金-93,474.65元，交易后持股7100股",建仓成本54.65元,62.28,1500,93420.0,54.65,浮盈加仓33%；价格突破21日收盘高点；盘中突破成交,-54.65,,7100,持有7100股,-93474.65,基本价值线模型入选；MA20/MA60同步上扬；收盘站上MA20；量能高于5/10日基准1.38倍；多周期均量扣低走高,MA20/MA60同步上扬；收盘站上MA20；量能高于5/10日基准1.38倍；多周期均量扣低走高,,,
24,2024-10-25,达梦数据,sh.688692,买入,"买入达梦数据(sh.688692) 200股，成交价209.61，成交金额41,922.00元，现金-41,947.96元，交易后持股1000股",建仓成本25.96元,209.61,200,41922.0,25.96,浮盈加仓50%；上涨波段62.5%拉回支撑；共振=MA10；开盘已触发成交,-25.96,,1000,持有1000股,-41947.96,主流标准基本面模型入选；MA20/MA60同步上扬；收盘站上MA20；多周期均量扣低走高,MA20/MA60同步上扬；收盘站上MA20；多周期均量扣低走高,0.625,144.43 / 249.81,2024-08-26 → 2024-10-08
25,2024-10-28,达梦数据,sh.688692,卖出,"卖出达梦数据(sh.688692) 200股，成交价204.79，成交金额40,958.00元，现金+40,912.04元，本次亏损-1,035.92元，收益率-2.47%，剩余800股","亏损-1,035.92元 (-2.47%)",204.79,200,40958.0,45.96,收盘条件止损；14:55收盘代理价成交,-1035.92,-2.4695,800,持有800股,40912.04,,,,,
26,2024-10-29,达梦数据,sh.688692,卖出,"卖出达梦数据(sh.688692) 800股，成交价195.38，成交金额156,304.00元，现金+156,134.41元，本次亏损-5,900.32元，收益率-3.64%，清仓","亏损-5,900.32元 (-3.64%)",195.38,800,156304.0,169.59,收盘条件止损；14:55收盘代理价成交,-5900.32,-3.6414,0,清仓,156134.41,,,,,
27,2024-10-29,艾力斯,sh.688578,买入,"买入艾力斯(sh.688578) 5400股，成交价53.89，成交金额291,006.00元，现金-291,176.24元，交易后持股5400股",建仓成本170.24元,53.89,5400,291006.0,170.24,33上行首仓；上涨波段50.0%拉回支撑；共振=MA10；盘中触及结构位成交,-170.24,,5400,持有5400股,-291176.24,基本价值线模型入选；MA20/MA60同步上扬；收盘站上MA20,MA20/MA60同步上扬；收盘站上MA20,0.5,42.81 / 64.97,2024-09-10 → 2024-10-08
28,2024-10-30,中国人寿,sh.601628,卖出,"卖出中国人寿(sh.601628) 1400股，成交价40.81，成交金额57,134.00元，现金+57,071.87元，本次亏损-698.00元，收益率-1.21%，剩余3300股",亏损-698.00元 (-1.21%),40.81,1400,57134.0,62.13,收盘条件止损；14:55收盘代理价成交,-698.0,-1.2082,3300,持有3300股,57071.87,,,,,
29,2024-10-30,艾力斯,sh.688578,卖出,"卖出艾力斯(sh.688578) 5400股，成交价51.53，成交金额278,262.00元，现金+277,960.09元，本次亏损-13,216.15元，收益率-4.54%，清仓","亏损-13,216.15元 (-4.54%)",51.53,5400,278262.0,301.91,收盘条件止损；14:55收盘代理价成交,-13216.15,-4.5389,0,清仓,277960.09,,,,,
30,2024-10-30,达梦数据,sh.688692,买入,"买入达梦数据(sh.688692) 800股，成交价202.425，成交金额161,940.00元，现金-162,034.73元，交易后持股800股",建仓成本94.73元,202.425,800,161940.0,94.73,直接突破首仓；上涨波段50%有效跌破后重新突破；盘中突破成交,-94.73,,800,持有800股,-162034.73,主流标准基本面模型入选；MA20/MA60同步上扬；量能高于5/10日基准1.37倍；多周期均量扣低走高,MA20/MA60同步上扬；量能高于5/10日基准1.37倍；多周期均量扣低走高,0.5,155.04 / 249.81,2024-09-24 → 2024-10-08
31,2024-11-01,天孚通信,sz.300394,卖出,"卖出天孚通信(sz.300394) 1100股，成交价62.99，成交金额69,289.00元，现金+69,213.82元，本次盈利+11,212.66元，收益率+19.33%，剩余6000股","盈利11,212.66元 (+19.33%)",62.99,1100,69289.0,75.18,14:55收盘代理价成交,11212.66,19.3318,6000,持有6000股,69213.82,,,,,
32,2024-11-01,中国人寿,sh.601628,买入,"买入中国人寿(sh.601628) 900股，成交价40.48，成交金额36,432.00元，现金-36,455.22元，交易后持股4200股",建仓成本23.22元,40.48,900,36432.0,23.22,浮盈加仓33%；上涨波段50%有效跌破后重新突破；盘中突破成交,-23.22,,4200,持有4200股,-36455.22,主流标准基本面模型入选；MA20/MA60同步上扬；贴近上扬MA20支撑；多周期均量扣低走高,MA20/MA60同步上扬；贴近上扬MA20支撑；多周期均量扣低走高,0.5,34.36 / 46.6,2023-08-03 → 2024-10-08
33,2024-11-07,达梦数据,sh.688692,买入,"买入达梦数据(sh.688692) 200股，成交价243.62，成交金额48,724.00元，现金-48,753.36元，交易后持股1000股",建仓成本29.36元,243.62,200,48724.0,29.36,浮盈加仓33%；价格突破21日收盘高点；盘中突破成交,-29.36,,1000,持有1000股,-48753.36,主流标准基本面模型入选；MA20/MA60同步上扬；收盘站上MA20；距离21日收盘高点3%以内,MA20/MA60同步上扬；收盘站上MA20；距离21日收盘高点3%以内,,,
34,2024-11-08,中国人寿,sh.601628,买入,"买入中国人寿(sh.601628) 1000股，成交价48.99，成交金额48,990.00元，现金-49,019.50元，交易后持股5200股",建仓成本29.50元,48.99,1000,48990.0,29.5,浮盈加仓33%；价格突破21日收盘高点；跳空越过触发价成交,-29.5,,5200,持有5200股,-49019.5,主流标准基本面模型入选；MA20/MA60同步上扬；收盘站上MA20；距离21日收盘高点3%以内；量能高于5/10日基准1.70倍；多周期均量扣低走高,MA20/MA60同步上扬；收盘站上MA20；距离21日收盘高点3%以内；量能高于5/10日基准1.70倍；多周期均量扣低走高,,,
35,2024-11-11,中国人寿,sh.601628,卖出,"卖出中国人寿(sh.601628) 1000股，成交价46.6，成交金额46,600.00元，现金+46,548.40元，本次亏损-2,471.09元，收益率-5.04%，剩余4200股","亏损-2,471.09元 (-5.04%)",46.6,1000,46600.0,51.6,开盘未站上47.280；跳空止损成交,-2471.09,-5.041,4200,持有4200股,46548.4,,,,,
36,2024-11-11,达梦数据,sh.688692,买入,"买入达梦数据(sh.688692) 200股，成交价297.39，成交金额59,478.00元，现金-59,512.79元，交易后持股1200股",建仓成本34.79元,297.39,200,59478.0,34.79,浮盈加仓33%；价格突破21日收盘高点；盘中突破成交,-34.79,,1200,持有1200股,-59512.79,主流标准基本面模型入选；MA20/MA60同步上扬；收盘站上MA20；距离21日收盘高点3%以内；量能高于5/10日基准1.25倍；多周期均量扣低走高,MA20/MA60同步上扬；收盘站上MA20；距离21日收盘高点3%以内；量能高于5/10日基准1.25倍；多周期均量扣低走高,,,
37,2024-11-12,达梦数据,sh.688692,卖出,"卖出达梦数据(sh.688692) 200股，成交价279.94，成交金额55,988.00元，现金+55,927.01元，本次亏损-3,585.78元，收益率-6.03%，剩余1000股","亏损-3,585.78元 (-6.03%)",279.94,200,55988.0,60.99,收盘条件止损；14:55收盘代理价成交,-3585.78,-6.0252,1000,持有1000股,55927.01,,,,,
38,2024-11-13,达梦数据,sh.688692,卖出,"卖出达梦数据(sh.688692) 200股，成交价276.19，成交金额55,238.00元，现金+55,177.76元，本次盈利+14,669.08元，收益率+36.21%，剩余800股","盈利14,669.08元 (+36.21%)",276.19,200,55238.0,60.24,14:55收盘代理价成交,14669.08,36.2122,800,持有800股,55177.76,,,,,
39,2024-11-14,天孚通信,sz.300394,卖出,"卖出天孚通信(sz.300394) 1100股，成交价63.39，成交金额69,729.00元，现金+69,653.34元，本次盈利+11,652.18元，收益率+20.09%，剩余4900股","盈利11,652.18元 (+20.09%)",63.39,1100,69729.0,75.66,14:55收盘代理价成交,11652.18,20.0896,4900,持有4900股,69653.34,,,,,
40,2024-11-15,达梦数据,sh.688692,卖出,"卖出达梦数据(sh.688692) 200股，成交价247.76，成交金额49,552.00元，现金+49,497.45元，本次盈利+8,988.76元，收益率+22.19%，剩余600股","盈利8,988.76元 (+22.19%)",247.76,200,49552.0,54.55,14:55收盘代理价成交,8988.76,22.1897,600,持有600股,49497.45,,,,,
41,2024-11-15,天孚通信,sz.300394,卖出,"卖出天孚通信(sz.300394) 1500股，成交价58.37，成交金额87,555.00元，现金+87,460.00元，本次亏损-6,014.65元，收益率-6.43%，剩余3400股","亏损-6,014.65元 (-6.43%)",58.37,1500,87555.0,95.0,收盘条件止损；14:55收盘代理价成交,-6014.65,-6.4345,3400,持有3400股,87460.0,,,,,
42,2024-11-18,达梦数据,sh.688692,卖出,"卖出达梦数据(sh.688692) 200股，成交价239.68，成交金额47,936.00元，现金+47,883.06元，本次亏损-870.30元，收益率-1.79%，剩余400股",亏损-870.30元 (-1.79%),239.68,200,47936.0,52.94,收盘条件止损；14:55收盘代理价成交,-870.3,-1.7851,400,持有400股,47883.06,,,,,
43,2024-11-22,中国人寿,sh.601628,卖出,"卖出中国人寿(sh.601628) 900股，成交价40.4，成交金额36,360.00元，现金+36,318.64元，本次亏损-136.58元，收益率-0.37%，剩余3300股",亏损-136.58元 (-0.37%),40.4,900,36360.0,41.36,收盘条件止损；14:55收盘代理价成交,-136.58,-0.3746,3300,持有3300股,36318.64,,,,,
44,2024-11-25,天孚通信,sz.300394,卖出,"卖出天孚通信(sz.300394) 1100股，成交价52.78，成交金额58,058.00元，现金+57,994.94元，本次亏损-6.22元，收益率-0.01%，剩余2300股",亏损-6.22元 (-0.01%),52.78,1100,58058.0,63.06,14:55收盘代理价成交,-6.22,-0.0107,2300,持有2300股,57994.94,,,,,
45,2024-11-28,天孚通信,sz.300394,卖出,"卖出天孚通信(sz.300394) 2300股，成交价51.15，成交金额117,645.00元，现金+117,517.36元，本次亏损-3,757.80元，收益率-3.10%，清仓","亏损-3,757.80元 (-3.10%)",51.15,2300,117645.0,127.64,收盘条件止损；14:55收盘代理价成交,-3757.8,-3.0986,0,清仓,117517.36,,,,,
46,2024-11-28,浙江鼎力,sh.603338,买入,"买入浙江鼎力(sh.603338) 3400股，成交价58.385，成交金额198,509.00元，现金-198,625.13元，交易后持股3400股",建仓成本116.13元,58.385,3400,198509.0,116.13,直接突破首仓；上涨波段50%有效跌破后重新突破；盘中突破成交,-116.13,,3400,持有3400股,-198625.13,基本价值线模型入选；MA20/MA60同步上扬；收盘站上MA20；距离21日收盘高点3%以内；量能高于5/10日基准1.37倍；多周期均量扣低走高,MA20/MA60同步上扬；收盘站上MA20；距离21日收盘高点3%以内；量能高于5/10日基准1.37倍；多周期均量扣低走高,0.5,47.01 / 69.76,2023-09-22 → 2024-05-14
47,2024-11-29,浙江鼎力,sh.603338,卖出,"卖出浙江鼎力(sh.603338) 3400股，成交价58.21，成交金额197,914.00元，现金+197,699.26元，本次亏损-925.86元，收益率-0.47%，清仓",亏损-925.86元 (-0.47%),58.21,3400,197914.0,214.74,开盘未站上58.385；跳空止损成交,-925.86,-0.4661,0,清仓,197699.26,,,,,
48,2024-11-29,金诚信,sh.603979,买入,"买入金诚信(sh.603979) 5100股，成交价38.92，成交金额198,492.00元，现金-198,608.12元，交易后持股5100股",建仓成本116.12元,38.92,5100,198492.0,116.12,直接突破首仓；上涨波段50%有效跌破后重新突破；盘中突破成交,-116.12,,5100,持有5100股,-198608.12,基本价值线模型入选；基本面入选，等待价格/量能买点,基本面入选，等待价格/量能买点,0.5,34.78 / 43.06,2024-09-11 → 2024-11-06
49,2024-12-02,金诚信,sh.603979,卖出,"卖出金诚信(sh.603979) 5100股，成交价38.68，成交金额197,268.00元，现金+197,053.96元，本次亏损-1,554.15元，收益率-0.78%，清仓","亏损-1,554.15元 (-0.78%)",38.68,5100,197268.0,214.04,开盘未站上38.920；跳空止损成交,-1554.15,-0.7825,0,清仓,197053.96,,,,,
50,2024-12-02,金诚信,sh.603979,买入,"买入金诚信(sh.603979) 5100股，成交价38.92，成交金额198,492.00元，现金-198,608.12元，交易后持股5100股",建仓成本116.12元,38.92,5100,198492.0,116.12,直接突破首仓；上涨波段50%有效跌破后重新突破；盘中突破成交,-116.12,,5100,持有5100股,-198608.12,基本价值线模型入选；多周期均量扣低走高,多周期均量扣低走高,0.5,34.78 / 43.06,2024-09-11 → 2024-11-06
51,2024-12-03,金诚信,sh.603979,卖出,"卖出金诚信(sh.603979) 5100股，成交价38.71，成交金额197,421.00元，现金+197,206.80元，本次亏损-1,401.32元，收益率-0.71%，清仓","亏损-1,401.32元 (-0.71%)",38.71,5100,197421.0,214.2,开盘未站上38.920；跳空止损成交,-1401.32,-0.7056,0,清仓,197206.8,,,,,
52,2024-12-03,金诚信,sh.603979,买入,"买入金诚信(sh.603979) 5200股，成交价38.34，成交金额199,368.00元，现金-199,484.63元，交易后持股5200股",建仓成本116.63元,38.34,5200,199368.0,116.63,33未上行首仓；上涨波段50.0%拉回支撑；共振=MA5；盘中触及结构位成交,-116.63,,5200,持有5200股,-199484.63,基本价值线模型入选；基本面入选，等待价格/量能买点,基本面入选，等待价格/量能买点,0.5,34.78 / 41.9,2024-09-11 → 2024-11-21
53,2024-12-09,金诚信,sh.603979,卖出,"卖出金诚信(sh.603979) 5200股，成交价40.14，成交金额208,728.00元，现金+208,501.53元，本次盈利+9,016.90元，收益率+4.52%，清仓","盈利9,016.90元 (+4.52%)",40.14,5200,208728.0,226.47,entry time condition；14:55收盘代理价成交,9016.9,4.5201,0,清仓,208501.53,,,,,
54,2024-12-09,紫金矿业,sh.601899,买入,"买入紫金矿业(sh.601899) 13100股，成交价15.255，成交金额199,840.50元，现金-199,957.41元，交易后持股13100股",建仓成本116.91元,15.255,13100,199840.5,116.91,直接突破首仓；上涨波段50%有效跌破后重新突破；盘中突破成交,-116.91,,13100,持有13100股,-199957.41,基本价值线模型入选；基本面入选，等待价格/量能买点,基本面入选，等待价格/量能买点,0.5,13.43 / 17.08,2024-09-09 → 2024-11-05
55,2024-12-13,紫金矿业,sh.601899,卖出,"卖出紫金矿业(sh.601899) 13100股，成交价15.01，成交金额196,631.00元，现金+196,417.66元，本次亏损-3,539.75元，收益率-1.77%，清仓","亏损-3,539.75元 (-1.77%)",15.01,13100,196631.0,213.34,收盘条件止损；14:55收盘代理价成交,-3539.75,-1.7703,0,清仓,196417.66,,,,,
56,2024-12-13,宇通客车,sh.600066,买入,"买入宇通客车(sh.600066) 9500股，成交价20.861，成交金额198,181.88元，现金-198,297.81元，交易后持股9500股",建仓成本115.94元,20.861,9500,198181.88,115.94,"33未上行首仓；上涨波段62.5%拉回支撑；共振=MA5,MA10,MA60；盘中触及结构位成交",-115.94,,9500,持有9500股,-198297.81,基本价值线模型入选；MA20/MA60同步上扬；收盘站上MA20；量能高于5/10日基准1.28倍；多周期均量扣低走高,MA20/MA60同步上扬；收盘站上MA20；量能高于5/10日基准1.28倍；多周期均量扣低走高,0.625,18.53 / 22.26,2024-11-27 → 2024-12-10
57,2024-12-31,宇通客车,sh.600066,买入,"买入宇通客车(sh.600066) 2800股，成交价23.46，成交金额65,688.00元，现金-65,726.43元，交易后持股12300股",建仓成本38.43元,23.46,2800,65688.0,38.43,浮盈加仓33%；价格突破21日收盘高点；跳空越过触发价成交,-38.43,,12300,持有12300股,-65726.43,基本价值线模型入选；MA20/MA60同步上扬；收盘站上MA20；距离21日收盘高点3%以内,MA20/MA60同步上扬；收盘站上MA20；距离21日收盘高点3%以内,,,
58,2025-01-02,宇通客车,sh.600066,卖出,"卖出宇通客车(sh.600066) 2800股，成交价23.02，成交金额64,456.00元，现金+64,386.07元，本次亏损-1,340.36元，收益率-2.04%，剩余9500股","亏损-1,340.36元 (-2.04%)",23.02,2800,64456.0,69.93,收盘条件止损；14:55收盘代理价成交,-1340.36,-2.0393,9500,持有9500股,64386.07,,,,,
59,2025-01-03,宇通客车,sh.600066,买入,"买入宇通客车(sh.600066) 2800股，成交价23.17，成交金额64,876.00元，现金-64,913.95元，交易后持股12300股",建仓成本37.95元,23.17,2800,64876.0,37.95,浮盈加仓33%；上涨波段50%有效跌破后重新突破；跳空越过触发价成交,-37.95,,12300,持有12300股,-64913.95,基本价值线模型入选；MA20/MA60同步上扬；收盘站上MA20；距离21日收盘高点3%以内,MA20/MA60同步上扬；收盘站上MA20；距离21日收盘高点3%以内,0.5,20.75 / 25.31,2024-06-12 → 2024-10-08
60,2025-01-06,中国人寿,sh.601628,卖出,"卖出中国人寿(sh.601628) 1100股，成交价37.89，成交金额41,679.00元，现金+41,632.32元，本次盈利+1,822.05元，收益率+4.58%，剩余2200股","盈利1,822.05元 (+4.58%)",37.89,1100,41679.0,46.68,14:55收盘代理价成交,1822.05,4.5768,2200,持有2200股,41632.32,,,,,
61,2025-01-06,达梦数据,sh.688692,卖出,"卖出达梦数据(sh.688692) 400股，成交价212.05，成交金额84,820.00元，现金+84,727.97元，本次盈利+3,710.60元，收益率+4.58%，清仓","盈利3,710.60元 (+4.58%)",212.05,400,84820.0,92.03,14:55收盘代理价成交,3710.6,4.58,0,清仓,84727.97,,,,,
62,2025-02-07,宇通客车,sh.600066,买入,"买入宇通客车(sh.600066) 5400股，成交价24.1，成交金额130,140.00元，现金-130,216.13元，交易后持股17700股",建仓成本76.13元,24.1,5400,130140.0,76.13,浮盈加仓50%；上涨波段75.0%拉回支撑；共振=MA20；开盘已触发成交,-76.13,,17700,持有17700股,-130216.13,基本价值线模型入选；MA20/MA60同步上扬；贴近上扬MA20支撑；量能高于5/10日基准1.31倍；多周期均量扣低走高,MA20/MA60同步上扬；贴近上扬MA20支撑；量能高于5/10日基准1.31倍；多周期均量扣低走高,0.75,19.07 / 26.18,2024-04-25 → 2025-01-24
63,2025-02-10,宇通客车,sh.600066,卖出,"卖出宇通客车(sh.600066) 5400股，成交价24.08，成交金额130,032.00元，现金+129,890.92元，本次亏损-325.22元，收益率-0.25%，剩余12300股",亏损-325.22元 (-0.25%),24.08,5400,130032.0,141.08,收盘条件止损；14:55收盘代理价成交,-325.22,-0.2498,12300,持有12300股,129890.92,,,,,
64,2025-02-12,宇通客车,sh.600066,买入,"买入宇通客车(sh.600066) 5400股，成交价23.94，成交金额129,276.00元，现金-129,351.63元，交易后持股17700股",建仓成本75.63元,23.94,5400,129276.0,75.63,浮盈加仓50%；上涨波段75.0%拉回支撑；共振=MA5；开盘已触发成交,-75.63,,17700,持有17700股,-129351.63,基本价值线模型入选；MA20/MA60同步上扬；贴近上扬MA20支撑；多周期均量扣低走高,MA20/MA60同步上扬；贴近上扬MA20支撑；多周期均量扣低走高,0.75,17.35 / 26.18,2024-08-08 → 2025-01-24
65,2025-02-13,宇通客车,sh.600066,卖出,"卖出宇通客车(sh.600066) 5400股，成交价23.7，成交金额127,980.00元，现金+127,841.14元，本次亏损-1,510.48元，收益率-1.17%，剩余12300股","亏损-1,510.48元 (-1.17%)",23.7,5400,127980.0,138.86,收盘条件止损；14:55收盘代理价成交,-1510.48,-1.1677,12300,持有12300股,127841.14,,,,,
66,2025-02-17,宇通客车,sh.600066,卖出,"卖出宇通客车(sh.600066) 2400股，成交价23.44，成交金额56,256.00元，现金+56,194.74元，本次盈利+6,098.45元，收益率+12.17%，剩余9900股","盈利6,098.45元 (+12.17%)",23.44,2400,56256.0,61.26,14:55收盘代理价成交,6098.45,12.1735,9900,持有9900股,56194.74,,,,,
67,2025-02-17,宇通客车,sh.600066,买入,"买入宇通客车(sh.600066) 4500股，成交价23.59，成交金额106,155.00元，现金-106,217.10元，交易后持股14400股",建仓成本62.10元,23.59,4500,106155.0,62.1,浮盈加仓50%；上涨波段50.0%拉回支撑；共振=MA5；盘中触及结构位成交,-62.1,,14400,持有14400股,-106217.1,基本价值线模型入选；基本面入选，等待价格/量能买点,基本面入选，等待价格/量能买点,0.5,21.0 / 26.18,2024-10-21 → 2025-01-24
68,2025-02-18,宇通客车,sh.600066,卖出,"卖出宇通客车(sh.600066) 4500股，成交价23.37，成交金额105,165.00元，现金+105,050.90元，本次亏损-1,166.20元，收益率-1.10%，剩余9900股","亏损-1,166.20元 (-1.10%)",23.37,4500,105165.0,114.1,收盘条件止损；14:55收盘代理价成交,-1166.2,-1.0979,9900,持有9900股,105050.9,,,,,
69,2025-02-19,宇通客车,sh.600066,卖出,"卖出宇通客车(sh.600066) 2400股，成交价23.14，成交金额55,536.00元，现金+55,475.46元，本次盈利+5,379.17元，收益率+10.74%，剩余7500股","盈利5,379.17元 (+10.74%)",23.14,2400,55536.0,60.54,14:55收盘代理价成交,5379.17,10.7377,7500,持有7500股,55475.46,,,,,
70,2025-02-19,宇通客车,sh.600066,买入,"买入宇通客车(sh.600066) 3400股，成交价23.311，成交金额79,258.25元，现金-79,304.62元，交易后持股10900股",建仓成本46.37元,23.311,3400,79258.25,46.37,浮盈加仓50%；上涨波段62.5%拉回支撑；共振=MA5；盘中触及结构位成交,-46.37,,10900,持有10900股,-79304.62,基本价值线模型入选；多周期均量扣低走高,多周期均量扣低走高,0.625,18.53 / 26.18,2024-11-27 → 2025-01-24
71,2025-02-20,宇通客车,sh.600066,卖出,"卖出宇通客车(sh.600066) 2800股，成交价22.94，成交金额64,232.00元，现金+64,162.31元，本次亏损-751.64元，收益率-1.16%，剩余8100股",亏损-751.64元 (-1.16%),22.94,2800,64232.0,69.69,收盘条件止损；14:55收盘代理价成交,-751.64,-1.1579,8100,持有8100股,64162.31,,,,,
72,2025-02-20,宇通客车,sh.600066,卖出,"卖出宇通客车(sh.600066) 3400股，成交价22.94，成交金额77,996.00元，现金+77,911.37元，本次亏损-1,393.24元，收益率-1.76%，剩余4700股","亏损-1,393.24元 (-1.76%)",22.94,3400,77996.0,84.63,收盘条件止损；14:55收盘代理价成交,-1393.24,-1.7568,4700,持有4700股,77911.37,,,,,
73,2025-02-21,宇通客车,sh.600066,买入,"买入宇通客车(sh.600066) 2100股，成交价22.869，成交金额48,024.38元，现金-48,053.39元，交易后持股6800股",建仓成本29.01元,22.869,2100,48024.38,29.01,"浮盈加仓50%；上涨波段62.5%拉回支撑；共振=MA5,MA60；盘中触及结构位成交",-29.01,,6800,持有6800股,-48053.39,基本价值线模型入选；多周期均量扣低走高,多周期均量扣低走高,0.625,17.35 / 26.18,2024-08-08 → 2025-01-24
74,2025-02-24,宇通客车,sh.600066,卖出,"卖出宇通客车(sh.600066) 2100股，成交价22.75，成交金额47,775.00元，现金+47,722.22元，本次亏损-331.16元，收益率-0.69%，剩余4700股",亏损-331.16元 (-0.69%),22.75,2100,47775.0,52.77,收盘条件止损；14:55收盘代理价成交,-331.16,-0.6892,4700,持有4700股,47722.22,,,,,
75,2025-02-25,宇通客车,sh.600066,买入,"买入宇通客车(sh.600066) 2100股，成交价22.57，成交金额47,397.00元，现金-47,425.70元，交易后持股6800股",建仓成本28.70元,22.57,2100,47397.0,28.7,"浮盈加仓50%；上涨波段50.0%拉回支撑；共振=MA5,MA60；开盘已触发成交",-28.7,,6800,持有6800股,-47425.7,基本价值线模型入选；量能高于5/10日基准1.41倍；多周期均量扣低走高,量能高于5/10日基准1.41倍；多周期均量扣低走高,0.5,19.07 / 26.18,2024-04-25 → 2025-01-24
76,2025-03-13,宇通客车,sh.600066,卖出,"卖出宇通客车(sh.600066) 2100股，成交价22.9，成交金额48,090.00元，现金+48,036.91元，本次盈利+611.21元，收益率+1.29%，剩余4700股",盈利611.21元 (+1.29%),22.9,2100,48090.0,53.09,entry time condition；14:55收盘代理价成交,611.21,1.2888,4700,持有4700股,48036.91,,,,,
77,2025-03-17,宇通客车,sh.600066,买入,"买入宇通客车(sh.600066) 2100股，成交价22.625，成交金额47,512.50元，现金-47,541.26元，交易后持股6800股",建仓成本28.76元,22.625,2100,47512.5,28.76,浮盈加仓50%；上涨波段50.0%拉回支撑；共振=MA5；盘中触及结构位成交,-28.76,,6800,持有6800股,-47541.26,基本价值线模型入选；基本面入选，等待价格/量能买点,基本面入选，等待价格/量能买点,0.5,19.07 / 26.18,2024-04-25 → 2025-01-24
78,2025-03-31,宇通客车,sh.600066,卖出,"卖出宇通客车(sh.600066) 2100股，成交价23.65，成交金额49,665.00元，现金+49,610.33元，本次盈利+2,069.08元，收益率+4.35%，剩余4700股","盈利2,069.08元 (+4.35%)",23.65,2100,49665.0,54.66,entry time condition；14:55收盘代理价成交,2069.08,4.3522,4700,持有4700股,49610.33,,,,,
79,2025-04-02,宇通客车,sh.600066,买入,"买入宇通客车(sh.600066) 1300股，成交价23.785，成交金额30,920.50元，现金-30,940.96元，交易后持股6000股",建仓成本20.46元,23.785,1300,30920.5,20.46,浮盈加仓33%；上涨波段50%有效跌破后重新突破；盘中突破成交,-20.46,,6000,持有6000股,-30940.96,基本价值线模型入选；MA20/MA60同步上扬；贴近上扬MA20支撑；距离21日收盘高点3%以内；量能高于5/10日基准3.35倍；多周期均量扣低走高,MA20/MA60同步上扬；贴近上扬MA20支撑；距离21日收盘高点3%以内；量能高于5/10日基准3.35倍；多周期均量扣低走高,0.5,21.39 / 26.18,2024-10-09 → 2025-01-24
80,2025-04-03,宇通客车,sh.600066,卖出,"卖出宇通客车(sh.600066) 1300股，成交价23.55，成交金额30,615.00元，现金+30,579.38元，本次亏损-361.58元，收益率-1.17%，剩余4700股",亏损-361.58元 (-1.17%),23.55,1300,30615.0,35.62,收盘条件止损；14:55收盘代理价成交,-361.58,-1.1686,4700,持有4700股,30579.38,,,,,
81,2025-04-07,中国人寿,sh.601628,卖出,"卖出中国人寿(sh.601628) 2200股，成交价32.553，成交金额71,616.60元，现金+71,538.90元，本次亏损-8,081.65元，收益率-10.15%，清仓","亏损-8,081.65元 (-10.15%)",32.553,2200,71616.6,77.7,hard space stop 32.553；盘中硬止损成交,-8081.65,-10.1502,0,清仓,71538.9,,,,,
82,2025-04-07,宇通客车,sh.600066,买入,"买入宇通客车(sh.600066) 2100股，成交价23.06，成交金额48,426.00元，现金-48,455.21元，交易后持股6800股",建仓成本29.21元,23.06,2100,48426.0,29.21,"浮盈加仓50%；上涨波段75.0%拉回支撑；共振=MA5,MA10,MA20；开盘已触发成交",-29.21,,6800,持有6800股,-48455.21,基本价值线模型入选；MA20/MA60同步上扬；收盘站上MA20；距离21日收盘高点3%以内；多周期均量扣低走高,MA20/MA60同步上扬；收盘站上MA20；距离21日收盘高点3%以内；多周期均量扣低走高,0.75,17.72 / 25.15,2024-08-30 → 2025-04-01
83,2025-04-08,宇通客车,sh.600066,卖出,"卖出宇通客车(sh.600066) 2100股，成交价21.67，成交金额45,507.00元，现金+45,456.49元，本次亏损-2,998.72元，收益率-6.19%，剩余4700股","亏损-2,998.72元 (-6.19%)",21.67,2100,45507.0,50.51,收盘条件止损；14:55收盘代理价成交,-2998.72,-6.1886,4700,持有4700股,45456.49,,,,,
84,2025-04-08,宇通客车,sh.600066,卖出,"卖出宇通客车(sh.600066) 4700股，成交价21.67，成交金额101,849.00元，现金+101,738.49元，本次盈利+3,633.26元，收益率+3.70%，清仓","盈利3,633.26元 (+3.70%)",21.67,4700,101849.0,110.51,14:55收盘代理价成交,3633.26,3.7034,0,清仓,101738.49,,,,,
85,2025-04-08,紫金矿业,sh.601899,买入,"买入紫金矿业(sh.601899) 13100股，成交价15.2，成交金额199,120.00元，现金-199,236.49元，交易后持股13100股",建仓成本116.49元,15.2,13100,199120.0,116.49,直接突破首仓；上涨波段50%有效跌破后重新突破；盘中突破成交,-116.49,,13100,持有13100股,-199236.49,基本价值线模型入选；MA20/MA60同步上扬；量能高于5/10日基准2.25倍；多周期均量扣低走高,MA20/MA60同步上扬；量能高于5/10日基准2.25倍；多周期均量扣低走高,0.5,11.25 / 19.15,2024-02-02 → 2024-10-08
86,2025-04-09,紫金矿业,sh.601899,卖出,"卖出紫金矿业(sh.601899) 7800股，成交价15.34，成交金额119,652.00元，现金+119,522.18元，本次盈利+892.82元，收益率+0.75%，剩余5300股",盈利892.82元 (+0.75%),15.34,7800,119652.0,129.82,14:55收盘代理价成交,892.82,0.7526,5300,持有5300股,119522.18,,,,,
87,2025-04-24,紫金矿业,sh.601899,买入,"买入紫金矿业(sh.601899) 2300股，成交价17.032，成交金额39,174.75元，现金-39,199.34元，交易后持股7600股",建仓成本24.59元,17.032,2300,39174.75,24.59,"浮盈加仓50%；上涨波段62.5%拉回支撑；共振=MA10,MA20；盘中触及结构位成交",-24.59,,7600,持有7600股,-39199.34,基本价值线模型入选；MA20/MA60同步上扬；收盘站上MA20；多周期均量扣低走高,MA20/MA60同步上扬；收盘站上MA20；多周期均量扣低走高,0.625,14.97 / 18.27,2025-01-15 → 2025-03-26
88,2025-04-25,紫金矿业,sh.601899,卖出,"卖出紫金矿业(sh.601899) 2300股，成交价17.01，成交金额39,123.00元，现金+39,078.88元，本次亏损-120.46元，收益率-0.31%，剩余5300股",亏损-120.46元 (-0.31%),17.01,2300,39123.0,44.12,收盘条件止损；14:55收盘代理价成交,-120.46,-0.3073,5300,持有5300股,39078.88,,,,,
89,2025-04-28,紫金矿业,sh.601899,买入,"买入紫金矿业(sh.601899) 2300股，成交价16.849，成交金额38,752.12元，现金-38,776.50元，交易后持股7600股",建仓成本24.38元,16.849,2300,38752.12,24.38,浮盈加仓50%；上涨波段62.5%拉回支撑；共振=MA20；盘中触及结构位成交,-24.38,,7600,持有7600股,-38776.5,基本价值线模型入选；MA20/MA60同步上扬；收盘站上MA20,MA20/MA60同步上扬；收盘站上MA20,0.625,14.48 / 18.27,2024-12-20 → 2025-03-26
90,2025-04-30,紫金矿业,sh.601899,卖出,"卖出紫金矿业(sh.601899) 2300股，成交价16.83，成交金额38,709.00元，现金+38,665.29元，本次亏损-111.21元，收益率-0.29%，剩余5300股",亏损-111.21元 (-0.29%),16.83,2300,38709.0,43.71,收盘条件止损；14:55收盘代理价成交,-111.21,-0.2868,5300,持有5300股,38665.29,,,,,
91,2025-05-09,中国电研,sh.688128,买入,"买入中国电研(sh.688128) 8400股，成交价23.76，成交金额199,584.00元，现金-199,700.76元，交易后持股8400股",建仓成本116.76元,23.76,8400,199584.0,116.76,直接突破首仓；价格突破21日收盘高点；盘中突破成交,-116.76,,8400,持有8400股,-199700.76,基本价值线模型入选；MA20/MA60同步上扬；收盘站上MA20；距离21日收盘高点3%以内,MA20/MA60同步上扬；收盘站上MA20；距离21日收盘高点3%以内,,,
92,2025-05-23,中国电研,sh.688128,卖出,"卖出中国电研(sh.688128) 8400股，成交价23.59，成交金额198,156.00元，现金+197,941.00元，本次亏损-1,759.76元，收益率-0.88%，清仓","亏损-1,759.76元 (-0.88%)",23.59,8400,198156.0,215.0,收盘条件止损；14:55收盘代理价成交,-1759.76,-0.8812,0,清仓,197941.0,,,,,
93,2025-05-23,博俊科技,sz.300926,买入,"买入博俊科技(sz.300926) 7600股，成交价26.275，成交金额199,690.00元，现金-199,806.82元，交易后持股7600股",建仓成本116.82元,26.275,7600,199690.0,116.82,直接突破首仓；上涨波段50%有效跌破后重新突破；盘中突破成交,-116.82,,7600,持有7600股,-199806.82,基本价值线模型入选；MA20/MA60同步上扬；贴近上扬MA20支撑；量能高于5/10日基准1.72倍；多周期均量扣低走高,MA20/MA60同步上扬；贴近上扬MA20支撑；量能高于5/10日基准1.72倍；多周期均量扣低走高,0.5,20.37 / 32.18,2025-01-13 → 2025-03-20
94,2025-05-26,博俊科技,sz.300926,卖出,"卖出博俊科技(sz.300926) 7600股，成交价25.73，成交金额195,548.00元，现金+195,335.83元，本次亏损-4,470.99元，收益率-2.24%，清仓","亏损-4,470.99元 (-2.24%)",25.73,7600,195548.0,212.17,收盘条件止损；14:55收盘代理价成交,-4470.99,-2.2377,0,清仓,195335.83,,,,,
95,2025-05-26,盛美上海,sh.688082,买入,"买入盛美上海(sh.688082) 1800股，成交价100.38，成交金额180,684.00元，现金-180,789.70元，交易后持股1800股",建仓成本105.70元,100.38,1800,180684.0,105.7,直接突破首仓；上涨波段50%有效跌破后重新突破；盘中突破成交,-105.7,,1800,持有1800股,-180789.7,基本价值线模型入选；基本面入选，等待价格/量能买点,基本面入选，等待价格/量能买点,0.5,76.81 / 123.95,2024-09-23 → 2024-11-11
96,2025-05-27,盛美上海,sh.688082,卖出,"卖出盛美上海(sh.688082) 1800股，成交价99.99，成交金额179,982.00元，现金+179,786.72元，本次亏损-1,002.98元，收益率-0.55%，清仓","亏损-1,002.98元 (-0.55%)",99.99,1800,179982.0,195.28,开盘未站上100.380；跳空止损成交,-1002.98,-0.5548,0,清仓,179786.72,,,,,
97,2025-06-05,中际旭创,sz.300308,买入,"买入中际旭创(sz.300308) 2000股，成交价97.78，成交金额195,560.00元，现金-195,674.40元，交易后持股2000股",建仓成本114.40元,97.78,2000,195560.0,114.4,直接突破首仓；价格突破21日收盘高点；盘中突破成交,-114.4,,2000,持有2000股,-195674.4,基本价值线模型入选；MA20上扬；收盘站上MA20；距离21日收盘高点3%以内；量能高于5/10日基准2.18倍；多周期均量扣低走高,MA20上扬；收盘站上MA20；距离21日收盘高点3%以内；量能高于5/10日基准2.18倍；多周期均量扣低走高,,,
98,2025-06-13,金诚信,sh.603979,买入,"买入金诚信(sh.603979) 4500股，成交价43.655，成交金额196,447.50元，现金-196,562.42元，交易后持股4500股",建仓成本114.92元,43.655,4500,196447.5,114.92,直接突破首仓；上涨波段50%有效跌破后重新突破；盘中突破成交,-114.92,,4500,持有4500股,-196562.42,基本价值线模型入选；MA20上扬；收盘站上MA20；距离21日收盘高点3%以内；量能高于5/10日基准1.37倍；多周期均量扣低走高,MA20上扬；收盘站上MA20；距离21日收盘高点3%以内；量能高于5/10日基准1.37倍；多周期均量扣低走高,0.5,34.78 / 52.53,2024-09-12 → 2024-10-08
99,2025-06-16,金诚信,sh.603979,卖出,"卖出金诚信(sh.603979) 4500股，成交价43.28，成交金额194,760.00元，现金+194,548.69元，本次亏损-2,013.74元，收益率-1.02%，清仓","亏损-2,013.74元 (-1.02%)",43.28,4500,194760.0,211.31,开盘未站上43.655；跳空止损成交,-2013.74,-1.0245,0,清仓,194548.69,,,,,
100,2025-06-16,赤峰黄金,sh.600988,买入,"买入赤峰黄金(sh.600988) 6900股，成交价28.84，成交金额198,996.00元，现金-199,112.41元，交易后持股6900股",建仓成本116.41元,28.84,6900,198996.0,116.41,直接突破首仓；价格突破21日收盘高点；跳空越过触发价成交,-116.41,,6900,持有6900股,-199112.41,基本价值线模型入选；MA20/MA60同步上扬；收盘站上MA20；距离21日收盘高点3%以内；量能高于5/10日基准2.27倍；多周期均量扣低走高,MA20/MA60同步上扬；收盘站上MA20；距离21日收盘高点3%以内；量能高于5/10日基准2.27倍；多周期均量扣低走高,,,
101,2025-06-17,赤峰黄金,sh.600988,卖出,"卖出赤峰黄金(sh.600988) 6900股，成交价27.49，成交金额189,681.00元，现金+189,475.20元，本次亏损-9,637.22元，收益率-4.84%，清仓","亏损-9,637.22元 (-4.84%)",27.49,6900,189681.0,205.8,开盘未站上28.810；跳空止损成交,-9637.22,-4.8401,0,清仓,189475.2,,,,,
102,2025-06-17,九号公司,sh.689009,买入,"买入九号公司(sh.689009) 3400股，成交价58.68，成交金额199,512.00元，现金-199,628.71元，交易后持股3400股",建仓成本116.71元,58.68,3400,199512.0,116.71,直接突破首仓；上涨波段50%有效跌破后重新突破；盘中突破成交,-116.71,,3400,持有3400股,-199628.71,基本价值线模型入选；多周期均量扣低走高,多周期均量扣低走高,0.5,49.06 / 68.3,2025-04-07 → 2025-05-23
103,2025-06-18,九号公司,sh.689009,卖出,"卖出九号公司(sh.689009) 3400股，成交价58.53，成交金额199,002.00元，现金+198,786.08元，本次亏损-842.63元，收益率-0.42%，清仓",亏损-842.63元 (-0.42%),58.53,3400,199002.0,215.92,开盘未站上58.680；跳空止损成交,-842.63,-0.4221,0,清仓,198786.08,,,,,
104,2025-06-18,九号公司,sh.689009,买入,"买入九号公司(sh.689009) 3400股，成交价58.24，成交金额198,016.00元，现金-198,131.84元，交易后持股3400股",建仓成本115.84元,58.24,3400,198016.0,115.84,33未上行首仓；上涨波段50.0%拉回支撑；共振=MA5；盘中触及结构位成交,-115.84,,3400,持有3400股,-198131.84,基本价值线模型入选；多周期均量扣低走高,多周期均量扣低走高,0.5,48.18 / 68.3,2025-02-12 → 2025-05-23
105,2025-06-19,九号公司,sh.689009,卖出,"卖出九号公司(sh.689009) 3400股，成交价57.72，成交金额196,248.00元，现金+196,035.07元，本次亏损-2,096.77元，收益率-1.06%，清仓","亏损-2,096.77元 (-1.06%)",57.72,3400,196248.0,212.93,收盘条件止损；14:55收盘代理价成交,-2096.77,-1.0583,0,清仓,196035.07,,,,,
106,2025-06-19,赤峰黄金,sh.600988,买入,"买入赤峰黄金(sh.600988) 7300股，成交价27.08，成交金额197,684.00元，现金-197,799.65元，交易后持股7300股",建仓成本115.65元,27.08,7300,197684.0,115.65,33未上行首仓；上扬MA20/MA60结构回踩20日均线；盘中触及结构位成交,-115.65,,7300,持有7300股,-197799.65,基本价值线模型入选；MA20/MA60同步上扬；收盘站上MA20,MA20/MA60同步上扬；收盘站上MA20,,,
107,2025-06-20,赤峰黄金,sh.600988,卖出,"卖出赤峰黄金(sh.600988) 7300股，成交价26.6，成交金额194,180.00元，现金+193,969.31元，本次亏损-3,830.33元，收益率-1.94%，清仓","亏损-3,830.33元 (-1.94%)",26.6,7300,194180.0,210.69,收盘条件止损；14:55收盘代理价成交,-3830.33,-1.9365,0,清仓,193969.31,,,,,
108,2025-06-20,九号公司,sh.689009,买入,"买入九号公司(sh.689009) 3400股，成交价58.68，成交金额199,512.00元，现金-199,628.71元，交易后持股3400股",建仓成本116.71元,58.68,3400,199512.0,116.71,直接突破首仓；上涨波段50%有效跌破后重新突破；盘中突破成交,-116.71,,3400,持有3400股,-199628.71,基本价值线模型入选；基本面入选，等待价格/量能买点,基本面入选，等待价格/量能买点,0.5,49.06 / 68.3,2025-04-07 → 2025-05-23
109,2025-06-23,九号公司,sh.689009,卖出,"卖出九号公司(sh.689009) 3400股，成交价58.58，成交金额199,172.00元，现金+198,955.90元，本次亏损-672.82元，收益率-0.34%，清仓",亏损-672.82元 (-0.34%),58.58,3400,199172.0,216.1,收盘条件止损；14:55收盘代理价成交,-672.82,-0.337,0,清仓,198955.9,,,,,
110,2025-06-23,博俊科技,sz.300926,买入,"买入博俊科技(sz.300926) 8300股，成交价23.975，成交金额198,992.50元，现金-199,108.91元，交易后持股8300股",建仓成本116.41元,23.975,8300,198992.5,116.41,33未上行首仓；上涨波段50.0%拉回支撑；共振=MA5；盘中触及结构位成交,-116.41,,8300,持有8300股,-199108.91,基本价值线模型入选；基本面入选，等待价格/量能买点,基本面入选，等待价格/量能买点,0.5,20.82 / 27.13,2025-04-09 → 2025-05-07
111,2025-07-03,紫金矿业,sh.601899,买入,"买入紫金矿业(sh.601899) 1300股，成交价19.92，成交金额25,896.00元，现金-25,913.95元，交易后持股6600股",建仓成本17.95元,19.92,1300,25896.0,17.95,浮盈加仓33%；价格突破21日收盘高点；跳空越过触发价成交,-17.95,,6600,持有6600股,-25913.95,基本价值线模型入选；MA20/MA60同步上扬；收盘站上MA20；距离21日收盘高点3%以内；多周期均量扣低走高,MA20/MA60同步上扬；收盘站上MA20；距离21日收盘高点3%以内；多周期均量扣低走高,,,
112,2025-07-04,紫金矿业,sh.601899,卖出,"卖出紫金矿业(sh.601899) 1300股，成交价19.6，成交金额25,480.00元，现金+25,449.52元，本次亏损-464.43元，收益率-1.79%，剩余5300股",亏损-464.43元 (-1.79%),19.6,1300,25480.0,30.48,收盘条件止损；14:55收盘代理价成交,-464.43,-1.7922,5300,持有5300股,25449.52,,,,,
113,2025-07-16,博俊科技,sz.300926,买入,"买入博俊科技(sz.300926) 2400股，成交价27.32，成交金额65,568.00元，现金-65,606.36元，交易后持股10700股",建仓成本38.36元,27.32,2400,65568.0,38.36,浮盈加仓33%；价格突破21日收盘高点；跳空越过触发价成交,-38.36,,10700,持有10700股,-65606.36,基本价值线模型入选；MA20/MA60同步上扬；收盘站上MA20；距离21日收盘高点3%以内；量能高于5/10日基准4.93倍；多周期均量扣低走高,MA20/MA60同步上扬；收盘站上MA20；距离21日收盘高点3%以内；量能高于5/10日基准4.93倍；多周期均量扣低走高,,,
114,2025-07-17,博俊科技,sz.300926,卖出,"卖出博俊科技(sz.300926) 2400股，成交价27.07，成交金额64,968.00元，现金+64,897.51元，本次亏损-708.85元，收益率-1.08%，剩余8300股",亏损-708.85元 (-1.08%),27.07,2400,64968.0,70.49,开盘未站上27.300；跳空止损成交,-708.85,-1.0805,8300,持有8300股,64897.51,,,,,
115,2025-07-17,博俊科技,sz.300926,买入,"买入博俊科技(sz.300926) 2300股，成交价27.975，成交金额64,342.50元，现金-64,380.14元，交易后持股10600股",建仓成本37.64元,27.975,2300,64342.5,37.64,浮盈加仓33%；上涨波段50%有效跌破后重新突破；盘中突破成交,-37.64,,10600,持有10600股,-64380.14,基本价值线模型入选；MA20/MA60同步上扬；收盘站上MA20；距离21日收盘高点3%以内；多周期均量扣低走高,MA20/MA60同步上扬；收盘站上MA20；距离21日收盘高点3%以内；多周期均量扣低走高,0.5,23.77 / 32.18,2025-02-18 → 2025-03-20
116,2025-07-18,博俊科技,sz.300926,卖出,"卖出博俊科技(sz.300926) 2300股，成交价27.56，成交金额63,388.00元，现金+63,319.22元，本次亏损-1,060.92元，收益率-1.65%，剩余8300股","亏损-1,060.92元 (-1.65%)",27.56,2300,63388.0,68.78,收盘条件止损；14:55收盘代理价成交,-1060.92,-1.6479,8300,持有8300股,63319.22,,,,,
117,2025-07-21,博俊科技,sz.300926,买入,"买入博俊科技(sz.300926) 2300股，成交价27.975，成交金额64,342.50元，现金-64,380.14元，交易后持股10600股",建仓成本37.64元,27.975,2300,64342.5,37.64,浮盈加仓33%；上涨波段50%有效跌破后重新突破；盘中突破成交,-37.64,,10600,持有10600股,-64380.14,基本价值线模型入选；MA20/MA60同步上扬；收盘站上MA20；距离21日收盘高点3%以内；多周期均量扣低走高,MA20/MA60同步上扬；收盘站上MA20；距离21日收盘高点3%以内；多周期均量扣低走高,0.5,23.77 / 32.18,2025-02-18 → 2025-03-20
118,2025-07-22,博俊科技,sz.300926,卖出,"卖出博俊科技(sz.300926) 2300股，成交价27.65，成交金额63,595.00元，现金+63,526.00元，本次亏损-854.14元，收益率-1.33%，剩余8300股",亏损-854.14元 (-1.33%),27.65,2300,63595.0,69.0,开盘未站上27.975；跳空止损成交,-854.14,-1.3267,8300,持有8300股,63526.0,,,,,
119,2025-07-22,博俊科技,sz.300926,买入,"买入博俊科技(sz.300926) 3600股，成交价27.405，成交金额98,658.00元，现金-98,715.71元，交易后持股11900股",建仓成本57.71元,27.405,3600,98658.0,57.71,浮盈加仓50%；上涨波段75.0%拉回支撑；共振=MA5；盘中触及结构位成交,-57.71,,11900,持有11900股,-98715.71,基本价值线模型入选；MA20/MA60同步上扬；收盘站上MA20；距离21日收盘高点3%以内；多周期均量扣低走高,MA20/MA60同步上扬；收盘站上MA20；距离21日收盘高点3%以内；多周期均量扣低走高,0.75,23.73 / 28.63,2025-06-23 → 2025-07-18
120,2025-07-23,博俊科技,sz.300926,卖出,"卖出博俊科技(sz.300926) 3600股，成交价27.2，成交金额97,920.00元，现金+97,813.76元，本次亏损-901.96元，收益率-0.91%，剩余8300股",亏损-901.96元 (-0.91%),27.2,3600,97920.0,106.24,收盘条件止损；14:55收盘代理价成交,-901.96,-0.9137,8300,持有8300股,97813.76,,,,,
121,2025-07-23,紫金矿业,sh.601899,买入,"买入紫金矿业(sh.601899) 1300股，成交价19.98，成交金额25,974.00元，现金-25,991.99元，交易后持股6600股",建仓成本17.99元,19.98,1300,25974.0,17.99,浮盈加仓33%；价格突破21日收盘高点；跳空越过触发价成交,-17.99,,6600,持有6600股,-25991.99,基本价值线模型入选；MA20/MA60同步上扬；收盘站上MA20；距离21日收盘高点3%以内；多周期均量扣低走高,MA20/MA60同步上扬；收盘站上MA20；距离21日收盘高点3%以内；多周期均量扣低走高,,,
122,2025-07-24,紫金矿业,sh.601899,卖出,"卖出紫金矿业(sh.601899) 1300股，成交价19.56，成交金额25,428.00元，现金+25,397.57元，本次亏损-594.41元，收益率-2.29%，剩余5300股",亏损-594.41元 (-2.29%),19.56,1300,25428.0,30.43,开盘未站上19.840；跳空止损成交,-594.41,-2.2869,5300,持有5300股,25397.57,,,,,
123,2025-07-29,博俊科技,sz.300926,买入,"买入博俊科技(sz.300926) 3700股，成交价26.793，成交金额99,132.25元，现金-99,190.24元，交易后持股12000股",建仓成本57.99元,26.793,3700,99132.25,57.99,"浮盈加仓50%；上涨波段62.5%拉回支撑；共振=MA5,MA20；盘中触及结构位成交",-57.99,,12000,持有12000股,-99190.24,基本价值线模型入选；MA20/MA60同步上扬；收盘站上MA20,MA20/MA60同步上扬；收盘站上MA20,0.625,23.73 / 28.63,2025-06-23 → 2025-07-18
124,2025-07-30,博俊科技,sz.300926,卖出,"卖出博俊科技(sz.300926) 3700股，成交价26.04，成交金额96,348.00元，现金+96,243.46元，本次亏损-2,946.78元，收益率-2.97%，剩余8300股","亏损-2,946.78元 (-2.97%)",26.04,3700,96348.0,104.54,收盘条件止损；14:55收盘代理价成交,-2946.78,-2.9708,8300,持有8300股,96243.46,,,,,
125,2025-07-30,博俊科技,sz.300926,卖出,"卖出博俊科技(sz.300926) 1600股，成交价26.04，成交金额41,664.00元，现金+41,617.34元，本次盈利+3,234.90元，收益率+8.43%，剩余6700股","盈利3,234.90元 (+8.43%)",26.04,1600,41664.0,46.66,14:55收盘代理价成交,3234.9,8.4281,6700,持有6700股,41617.34,,,,,
126,2025-07-31,博俊科技,sz.300926,买入,"买入博俊科技(sz.300926) 3100股，成交价25.79，成交金额79,949.00元，现金-79,995.77元，交易后持股9800股",建仓成本46.77元,25.79,3100,79949.0,46.77,浮盈加仓50%；上涨波段50.0%拉回支撑；共振=MA60；开盘已触发成交,-46.77,,9800,持有9800股,-79995.77,基本价值线模型入选；MA20/MA60同步上扬；贴近上扬MA20支撑；量能高于5/10日基准1.38倍；多周期均量扣低走高,MA20/MA60同步上扬；贴近上扬MA20支撑；量能高于5/10日基准1.38倍；多周期均量扣低走高,0.5,23.33 / 28.63,2025-06-03 → 2025-07-18
127,2025-08-07,紫金矿业,sh.601899,买入,"买入紫金矿业(sh.601899) 1300股，成交价19.8，成交金额25,740.00元，现金-25,757.87元，交易后持股6600股",建仓成本17.87元,19.8,1300,25740.0,17.87,浮盈加仓33%；价格突破21日收盘高点；盘中突破成交,-17.87,,6600,持有6600股,-25757.87,基本价值线模型入选；收盘站上MA20；距离21日收盘高点3%以内,收盘站上MA20；距离21日收盘高点3%以内,,,
128,2025-08-18,博俊科技,sz.300926,卖出,"卖出博俊科技(sz.300926) 3100股，成交价27.98，成交金额86,738.00元，现金+86,643.89元，本次盈利+6,648.12元，收益率+8.31%，剩余6700股","盈利6,648.12元 (+8.31%)",27.98,3100,86738.0,94.11,entry time condition；14:55收盘代理价成交,6648.12,8.3106,6700,持有6700股,86643.89,,,,,
129,2025-08-19,博俊科技,sz.300926,买入,"买入博俊科技(sz.300926) 1900股，成交价28.09，成交金额53,371.00元，现金-53,402.69元，交易后持股8600股",建仓成本31.69元,28.09,1900,53371.0,31.69,浮盈加仓33%；价格突破21日收盘高点；盘中突破成交,-31.69,,8600,持有8600股,-53402.69,基本价值线模型入选；MA20/MA60同步上扬；收盘站上MA20；距离21日收盘高点3%以内；多周期均量扣低走高,MA20/MA60同步上扬；收盘站上MA20；距离21日收盘高点3%以内；多周期均量扣低走高,,,
130,2025-08-25,紫金矿业,sh.601899,卖出,"卖出紫金矿业(sh.601899) 1300股，成交价21.72，成交金额28,236.00元，现金+28,202.76元，本次盈利+2,444.89元，收益率+9.49%，剩余5300股","盈利2,444.89元 (+9.49%)",21.72,1300,28236.0,33.24,entry time condition；14:55收盘代理价成交,2444.89,9.4918,5300,持有5300股,28202.76,,,,,
131,2025-08-26,紫金矿业,sh.601899,买入,"买入紫金矿业(sh.601899) 1200股，成交价21.72，成交金额26,064.00元，现金-26,082.03元，交易后持股6500股",建仓成本18.03元,21.72,1200,26064.0,18.03,浮盈加仓33%；价格突破21日收盘高点；盘中突破成交,-18.03,,6500,持有6500股,-26082.03,基本价值线模型入选；MA20/MA60同步上扬；收盘站上MA20；距离21日收盘高点3%以内；量能高于5/10日基准1.63倍；多周期均量扣低走高,MA20/MA60同步上扬；收盘站上MA20；距离21日收盘高点3%以内；量能高于5/10日基准1.63倍；多周期均量扣低走高,,,
132,2025-09-02,中际旭创,sz.300308,买入,"买入中际旭创(sz.300308) 100股，成交价405.2，成交金额40,520.00元，现金-40,545.26元，交易后持股2100股",建仓成本25.26元,405.2,100,40520.0,25.26,浮盈加仓33%；价格突破21日收盘高点；盘中突破成交,-25.26,,2100,持有2100股,-40545.26,主流标准基本面模型入选；MA20/MA60同步上扬；收盘站上MA20；距离21日收盘高点3%以内；多周期均量扣低走高,MA20/MA60同步上扬；收盘站上MA20；距离21日收盘高点3%以内；多周期均量扣低走高,,,
133,2025-09-03,中际旭创,sz.300308,卖出,"卖出中际旭创(sz.300308) 100股，成交价391.14，成交金额39,114.00元，现金+39,069.89元，本次亏损-1,475.37元，收益率-3.64%，剩余2000股","亏损-1,475.37元 (-3.64%)",391.14,100,39114.0,44.11,开盘未站上405.200；跳空止损成交,-1475.37,-3.6388,2000,持有2000股,39069.89,,,,,
134,2025-09-03,中际旭创,sz.300308,买入,"买入中际旭创(sz.300308) 100股，成交价405.2，成交金额40,520.00元，现金-40,545.26元，交易后持股2100股",建仓成本25.26元,405.2,100,40520.0,25.26,浮盈加仓33%；价格突破21日收盘高点；盘中突破成交,-25.26,,2100,持有2100股,-40545.26,主流标准基本面模型入选；MA20/MA60同步上扬；收盘站上MA20；量能高于5/10日基准1.48倍；多周期均量扣低走高,MA20/MA60同步上扬；收盘站上MA20；量能高于5/10日基准1.48倍；多周期均量扣低走高,,,
135,2025-09-04,中际旭创,sz.300308,卖出,"卖出中际旭创(sz.300308) 100股，成交价364.68，成交金额36,468.00元，现金+36,426.53元，本次亏损-4,118.73元，收益率-10.16%，剩余2000股","亏损-4,118.73元 (-10.16%)",364.68,100,36468.0,41.47,hard space stop 364.680；盘中硬止损成交,-4118.73,-10.1583,2000,持有2000股,36426.53,,,,,
136,2025-09-04,中际旭创,sz.300308,卖出,"卖出中际旭创(sz.300308) 400股，成交价368.33，成交金额147,332.00元，现金+147,172.14元，本次盈利+108,037.26元，收益率+276.06%，剩余1600股","盈利108,037.26元 (+276.06%)",368.33,400,147332.0,159.86,14:55收盘代理价成交,108037.26,276.0639,1600,持有1600股,147172.14,,,,,
137,2025-09-04,博俊科技,sz.300926,卖出,"卖出博俊科技(sz.300926) 1900股，成交价27.82，成交金额52,858.00元，现金+52,800.14元，本次亏损-602.54元，收益率-1.13%，剩余6700股",亏损-602.54元 (-1.13%),27.82,1900,52858.0,57.86,收盘条件止损；14:55收盘代理价成交,-602.54,-1.1283,6700,持有6700股,52800.14,,,,,
138,2025-09-04,博俊科技,sz.300926,卖出,"卖出博俊科技(sz.300926) 1600股，成交价27.82，成交金额44,512.00元，现金+44,462.49元，本次盈利+6,080.05元，收益率+15.84%，剩余5100股","盈利6,080.05元 (+15.84%)",27.82,1600,44512.0,49.51,14:55收盘代理价成交,6080.05,15.8407,5100,持有5100股,44462.49,,,,,
139,2025-09-08,中际旭创,sz.300308,买入,"买入中际旭创(sz.300308) 200股，成交价371.945，成交金额74,389.00元，现金-74,432.52元，交易后持股1800股",建仓成本43.52元,371.945,200,74389.0,43.52,浮盈加仓50%；上涨波段75.0%拉回支撑；共振=MA10；盘中触及结构位成交,-43.52,,1800,持有1800股,-74432.52,主流标准基本面模型入选；MA20/MA60同步上扬；收盘站上MA20；多周期均量扣低走高,MA20/MA60同步上扬；收盘站上MA20；多周期均量扣低走高,0.75,146.75 / 447.01,2024-10-16 → 2025-09-04
140,2025-09-09,中际旭创,sz.300308,卖出,"卖出中际旭创(sz.300308) 200股，成交价358.5，成交金额71,700.00元，现金+71,622.21元，本次亏损-2,810.31元，收益率-3.78%，剩余1600股","亏损-2,810.31元 (-3.78%)",358.5,200,71700.0,77.79,收盘条件止损；14:55收盘代理价成交,-2810.31,-3.7757,1600,持有1600股,71622.21,,,,,
141,2025-09-11,中际旭创,sz.300308,买入,"买入中际旭创(sz.300308) 100股，成交价425.25，成交金额42,525.00元，现金-42,551.26元，交易后持股1700股",建仓成本26.26元,425.25,100,42525.0,26.26,浮盈加仓33%；价格突破21日收盘高点；盘中突破成交,-26.26,,1700,持有1700股,-42551.26,主流标准基本面模型入选；MA20/MA60同步上扬；收盘站上MA20；多周期均量扣低走高,MA20/MA60同步上扬；收盘站上MA20；多周期均量扣低走高,,,
142,2025-09-12,中际旭创,sz.300308,卖出,"卖出中际旭创(sz.300308) 100股，成交价421.16，成交金额42,116.00元，现金+42,068.88元，本次亏损-482.38元，收益率-1.13%，剩余1600股",亏损-482.38元 (-1.13%),421.16,100,42116.0,47.12,收盘条件止损；14:55收盘代理价成交,-482.38,-1.1336,1600,持有1600股,42068.88,,,,,
143,2025-09-15,博俊科技,sz.300926,买入,"买入博俊科技(sz.300926) 1400股，成交价28.15，成交金额39,410.00元，现金-39,434.71元，交易后持股6500股",建仓成本24.71元,28.15,1400,39410.0,24.71,浮盈加仓33%；上涨波段50%有效跌破后重新突破；盘中突破成交,-24.71,,6500,持有6500股,-39434.71,基本价值线模型入选；MA20/MA60同步上扬；贴近上扬MA20支撑,MA20/MA60同步上扬；贴近上扬MA20支撑,0.5,25.35 / 30.95,2025-07-14 → 2025-08-25
144,2025-09-18,博俊科技,sz.300926,买入,"买入博俊科技(sz.300926) 1700股，成交价31.03，成交金额52,751.00元，现金-52,782.38元，交易后持股8200股",建仓成本31.38元,31.03,1700,52751.0,31.38,浮盈加仓33%；价格突破21日收盘高点；盘中突破成交,-31.38,,8200,持有8200股,-52782.38,基本价值线模型入选；MA20/MA60同步上扬；收盘站上MA20；距离21日收盘高点3%以内；量能高于5/10日基准2.36倍；多周期均量扣低走高,MA20/MA60同步上扬；收盘站上MA20；距离21日收盘高点3%以内；量能高于5/10日基准2.36倍；多周期均量扣低走高,,,
145,2025-09-19,博俊科技,sz.300926,卖出,"卖出博俊科技(sz.300926) 1700股，成交价30.75，成交金额52,275.00元，现金+52,217.72元，本次亏损-564.65元，收益率-1.07%，剩余6500股",亏损-564.65元 (-1.07%),30.75,1700,52275.0,57.27,开盘未站上31.030；跳空止损成交,-564.65,-1.0698,6500,持有6500股,52217.72,,,,,
146,2025-09-19,博俊科技,sz.300926,买入,"买入博俊科技(sz.300926) 1700股，成交价31.03，成交金额52,751.00元，现金-52,782.38元，交易后持股8200股",建仓成本31.38元,31.03,1700,52751.0,31.38,浮盈加仓33%；价格突破21日收盘高点；盘中突破成交,-31.38,,8200,持有8200股,-52782.38,基本价值线模型入选；MA20/MA60同步上扬；收盘站上MA20；距离21日收盘高点3%以内；量能高于5/10日基准1.40倍；多周期均量扣低走高,MA20/MA60同步上扬；收盘站上MA20；距离21日收盘高点3%以内；量能高于5/10日基准1.40倍；多周期均量扣低走高,,,
147,2025-09-22,博俊科技,sz.300926,卖出,"卖出博俊科技(sz.300926) 1700股，成交价30.72，成交金额52,224.00元，现金+52,166.78元，本次亏损-615.60元，收益率-1.17%，剩余6500股",亏损-615.60元 (-1.17%),30.72,1700,52224.0,57.22,开盘未站上31.030；跳空止损成交,-615.6,-1.1663,6500,持有6500股,52166.78,,,,,
148,2025-09-22,博俊科技,sz.300926,买入,"买入博俊科技(sz.300926) 2600股，成交价30.247，成交金额78,643.50元，现金-78,689.51元，交易后持股9100股",建仓成本46.01元,30.247,2600,78643.5,46.01,浮盈加仓50%；上涨波段75.0%拉回支撑；共振=MA5；盘中触及结构位成交,-46.01,,9100,持有9100股,-78689.51,基本价值线模型入选；MA20/MA60同步上扬；收盘站上MA20；距离21日收盘高点3%以内；多周期均量扣低走高,MA20/MA60同步上扬；收盘站上MA20；距离21日收盘高点3%以内；多周期均量扣低走高,0.75,26.04 / 31.65,2025-08-08 → 2025-09-17
149,2025-09-23,中际旭创,sz.300308,买入,"买入中际旭创(sz.300308) 100股，成交价446.02，成交金额44,602.00元，现金-44,629.30元，交易后持股1700股",建仓成本27.30元,446.02,100,44602.0,27.3,浮盈加仓33%；价格突破21日收盘高点；跳空越过触发价成交,-27.3,,1700,持有1700股,-44629.3,主流标准基本面模型入选；MA20/MA60同步上扬；收盘站上MA20,MA20/MA60同步上扬；收盘站上MA20,,,
150,2025-09-24,中际旭创,sz.300308,卖出,"卖出中际旭创(sz.300308) 100股，成交价415.09，成交金额41,509.00元，现金+41,462.49元，本次亏损-3,166.81元，收益率-7.10%，剩余1600股","亏损-3,166.81元 (-7.10%)",415.09,100,41509.0,46.51,开盘未站上439.000；跳空止损成交,-3166.81,-7.0958,1600,持有1600股,41462.49,,,,,
151,2025-09-25,中际旭创,sz.300308,买入,"买入中际旭创(sz.300308) 100股，成交价439.0，成交金额43,900.00元，现金-43,926.95元，交易后持股1700股",建仓成本26.95元,439.0,100,43900.0,26.95,浮盈加仓33%；价格突破21日收盘高点；盘中突破成交,-26.95,,1700,持有1700股,-43926.95,主流标准基本面模型入选；MA20/MA60同步上扬；收盘站上MA20,MA20/MA60同步上扬；收盘站上MA20,,,
152,2025-09-26,中际旭创,sz.300308,卖出,"卖出中际旭创(sz.300308) 100股，成交价428.1，成交金额42,810.00元，现金+42,762.19元，本次亏损-1,164.76元，收益率-2.65%，剩余1600股","亏损-1,164.76元 (-2.65%)",428.1,100,42810.0,47.81,开盘未站上439.000；跳空止损成交,-1164.76,-2.6516,1600,持有1600股,42762.19,,,,,
153,2025-09-26,中际旭创,sz.300308,买入,"买入中际旭创(sz.300308) 100股，成交价439.0，成交金额43,900.00元，现金-43,926.95元，交易后持股1700股",建仓成本26.95元,439.0,100,43900.0,26.95,浮盈加仓33%；价格突破21日收盘高点；盘中突破成交,-26.95,,1700,持有1700股,-43926.95,主流标准基本面模型入选；MA20/MA60同步上扬；收盘站上MA20；距离21日收盘高点3%以内,MA20/MA60同步上扬；收盘站上MA20；距离21日收盘高点3%以内,,,
154,2025-09-29,中际旭创,sz.300308,卖出,"卖出中际旭创(sz.300308) 100股，成交价409.22，成交金额40,922.00元，现金+40,876.08元，本次亏损-3,050.87元，收益率-6.95%，剩余1600股","亏损-3,050.87元 (-6.95%)",409.22,100,40922.0,45.92,开盘未站上439.000；跳空止损成交,-3050.87,-6.9453,1600,持有1600股,40876.08,,,,,
155,2025-09-29,中际旭创,sz.300308,买入,"买入中际旭创(sz.300308) 100股，成交价406.571，成交金额40,657.10元，现金-40,682.43元，交易后持股1700股",建仓成本25.33元,406.571,100,40657.1,25.33,浮盈加仓50%；上扬MA20/MA60结构回踩20日均线；盘中触及结构位成交,-25.33,,1700,持有1700股,-40682.43,主流标准基本面模型入选；MA20/MA60同步上扬；收盘站上MA20,MA20/MA60同步上扬；收盘站上MA20,,,
156,2025-09-30,中际旭创,sz.300308,卖出,"卖出中际旭创(sz.300308) 100股，成交价402.79，成交金额40,279.00元，现金+40,233.72元，本次亏损-448.71元，收益率-1.10%，剩余1600股",亏损-448.71元 (-1.10%),402.79,100,40279.0,45.28,收盘条件止损；14:55收盘代理价成交,-448.71,-1.103,1600,持有1600股,40233.72,,,,,
157,2025-10-13,博俊科技,sz.300926,卖出,"卖出博俊科技(sz.300926) 2600股，成交价29.19，成交金额75,894.00元，现金+75,811.66元，本次亏损-2,877.85元，收益率-3.66%，剩余6500股","亏损-2,877.85元 (-3.66%)",29.19,2600,75894.0,82.34,收盘条件止损；14:55收盘代理价成交,-2877.85,-3.6572,6500,持有6500股,75811.66,,,,,
158,2025-10-14,博俊科技,sz.300926,买入,"买入博俊科技(sz.300926) 1600股，成交价32.18，成交金额51,488.00元，现金-51,518.74元，交易后持股8100股",建仓成本30.74元,32.18,1600,51488.0,30.74,浮盈加仓33%；上涨波段50%有效跌破后重新突破；跳空越过触发价成交,-30.74,,8100,持有8100股,-51518.74,基本价值线模型入选；MA20/MA60同步上扬；贴近上扬MA20支撑；多周期均量扣低走高,MA20/MA60同步上扬；贴近上扬MA20支撑；多周期均量扣低走高,0.5,27.95 / 33.96,2025-09-12 → 2025-09-25
159,2025-10-17,博俊科技,sz.300926,卖出,"卖出博俊科技(sz.300926) 1600股，成交价30.59，成交金额48,944.00元，现金+48,890.06元，本次亏损-2,628.69元，收益率-5.10%，剩余6500股","亏损-2,628.69元 (-5.10%)",30.59,1600,48944.0,53.94,收盘条件止损；14:55收盘代理价成交,-2628.69,-5.1024,6500,持有6500股,48890.06,,,,,
160,2025-10-20,博俊科技,sz.300926,买入,"买入博俊科技(sz.300926) 1700股，成交价31.12，成交金额52,904.00元，现金-52,935.45元，交易后持股8200股",建仓成本31.45元,31.12,1700,52904.0,31.45,浮盈加仓33%；上涨波段50%有效跌破后重新突破；跳空越过触发价成交,-31.45,,8200,持有8200股,-52935.45,基本价值线模型入选；MA20/MA60同步上扬；贴近上扬MA20支撑；多周期均量扣低走高,MA20/MA60同步上扬；贴近上扬MA20支撑；多周期均量扣低走高,0.5,27.95 / 33.96,2025-09-12 → 2025-09-25
161,2025-10-21,博俊科技,sz.300926,卖出,"卖出博俊科技(sz.300926) 1700股，成交价30.92，成交金额52,564.00元，现金+52,506.44元，本次亏损-429.02元，收益率-0.81%，剩余6500股",亏损-429.02元 (-0.81%),30.92,1700,52564.0,57.56,开盘未站上30.955；跳空止损成交,-429.02,-0.8105,6500,持有6500股,52506.44,,,,,
162,2025-10-21,博俊科技,sz.300926,买入,"买入博俊科技(sz.300926) 2600股，成交价30.81，成交金额80,106.00元，现金-80,152.86元，交易后持股9100股",建仓成本46.86元,30.81,2600,80106.0,46.86,"浮盈加仓50%；上涨波段50.0%拉回支撑；共振=MA5,MA10,MA20；盘中触及结构位成交",-46.86,,9100,持有9100股,-80152.86,基本价值线模型入选；MA20/MA60同步上扬；收盘站上MA20,MA20/MA60同步上扬；收盘站上MA20,0.5,27.66 / 33.96,2025-03-13 → 2025-09-25
163,2025-10-23,博俊科技,sz.300926,卖出,"卖出博俊科技(sz.300926) 2600股，成交价30.71，成交金额79,846.00元，现金+79,759.37元，本次亏损-393.49元，收益率-0.49%，剩余6500股",亏损-393.49元 (-0.49%),30.71,2600,79846.0,86.63,收盘条件止损；14:55收盘代理价成交,-393.49,-0.4909,6500,持有6500股,79759.37,,,,,
164,2025-10-24,博俊科技,sz.300926,买入,"买入博俊科技(sz.300926) 1700股，成交价30.955，成交金额52,623.50元，现金-52,654.81元，交易后持股8200股",建仓成本31.31元,30.955,1700,52623.5,31.31,浮盈加仓33%；上涨波段50%有效跌破后重新突破；盘中突破成交,-31.31,,8200,持有8200股,-52654.81,基本价值线模型入选；MA20/MA60同步上扬；贴近上扬MA20支撑,MA20/MA60同步上扬；贴近上扬MA20支撑,0.5,27.95 / 33.96,2025-09-12 → 2025-09-25
165,2025-11-04,紫金矿业,sh.601899,卖出,"卖出紫金矿业(sh.601899) 1300股，成交价28.36，成交金额36,868.00元，现金+36,826.13元，本次盈利+17,054.57元，收益率+86.26%，剩余5200股","盈利17,054.57元 (+86.26%)",28.36,1300,36868.0,41.87,14:55收盘代理价成交,17054.57,86.2581,5200,持有5200股,36826.13,,,,,
166,2025-11-11,博俊科技,sz.300926,卖出,"卖出博俊科技(sz.300926) 1300股，成交价32.46，成交金额42,198.00元，现金+42,150.80元，本次盈利+10,965.07元，收益率+35.16%，剩余6900股","盈利10,965.07元 (+35.16%)",32.46,1300,42198.0,47.2,14:55收盘代理价成交,10965.07,35.1605,6900,持有6900股,42150.8,,,,,
167,2025-11-17,博俊科技,sz.300926,卖出,"卖出博俊科技(sz.300926) 1700股，成交价30.9，成交金额52,530.00元，现金+52,472.47元，本次亏损-182.34元，收益率-0.35%，剩余5200股",亏损-182.34元 (-0.35%),30.9,1700,52530.0,57.53,收盘条件止损；14:55收盘代理价成交,-182.34,-0.3463,5200,持有5200股,52472.47,,,,,
168,2025-11-18,博俊科技,sz.300926,卖出,"卖出博俊科技(sz.300926) 1300股，成交价30.24，成交金额39,312.00元，现金+39,267.69元，本次盈利+8,081.96元，收益率+25.92%，剩余3900股","盈利8,081.96元 (+25.92%)",30.24,1300,39312.0,44.31,14:55收盘代理价成交,8081.96,25.9156,3900,持有3900股,39267.69,,,,,
169,2026-01-16,紫金矿业,sh.601899,买入,"买入紫金矿业(sh.601899) 1100股，成交价37.22，成交金额40,942.00元，现金-40,967.47元，交易后持股6300股",建仓成本25.47元,37.22,1100,40942.0,25.47,浮盈加仓50%；上涨波段75.0%拉回支撑；共振=MA5；盘中触及结构位成交,-25.47,,6300,持有6300股,-40967.47,主流标准基本面模型入选；MA20/MA60同步上扬；收盘站上MA20；距离21日收盘高点3%以内；量能高于5/10日基准1.22倍；多周期均量扣低走高,MA20/MA60同步上扬；收盘站上MA20；距离21日收盘高点3%以内；量能高于5/10日基准1.22倍；多周期均量扣低走高,0.75,31.07 / 39.27,2025-12-30 → 2026-01-14
170,2026-01-19,紫金矿业,sh.601899,卖出,"卖出紫金矿业(sh.601899) 1100股，成交价36.71，成交金额40,381.00元，现金+40,335.62元，本次亏损-631.85元，收益率-1.54%，剩余5200股",亏损-631.85元 (-1.54%),36.71,1100,40381.0,45.38,收盘条件止损；14:55收盘代理价成交,-631.85,-1.5423,5200,持有5200股,40335.62,,,,,
171,2026-01-26,紫金矿业,sh.601899,买入,"买入紫金矿业(sh.601899) 700股，成交价38.17，成交金额26,719.00元，现金-26,737.36元，交易后持股5900股",建仓成本18.36元,38.17,700,26719.0,18.36,浮盈加仓33%；价格突破21日收盘高点；跳空越过触发价成交,-18.36,,5900,持有5900股,-26737.36,主流标准基本面模型入选；MA20/MA60同步上扬；收盘站上MA20；距离21日收盘高点3%以内；多周期均量扣低走高,MA20/MA60同步上扬；收盘站上MA20；距离21日收盘高点3%以内；多周期均量扣低走高,,,
172,2026-02-02,紫金矿业,sh.601899,卖出,"卖出紫金矿业(sh.601899) 700股，成交价36.07，成交金额25,249.00元，现金+25,218.75元，本次亏损-1,518.61元，收益率-5.68%，剩余5200股","亏损-1,518.61元 (-5.68%)",36.07,700,25249.0,30.25,收盘条件止损；14:55收盘代理价成交,-1518.61,-5.6797,5200,持有5200股,25218.75,,,,,
173,2026-02-02,紫金矿业,sh.601899,卖出,"卖出紫金矿业(sh.601899) 5200股，成交价36.07，成交金额187,564.00元，现金+187,360.49元，本次盈利+100,442.89元，收益率+115.56%，清仓","盈利100,442.89元 (+115.56%)",36.07,5200,187564.0,203.51,14:55收盘代理价成交,100442.89,115.5611,0,清仓,187360.49,,,,,
174,2026-02-02,金诚信,sh.603979,买入,"买入金诚信(sh.603979) 4000股，成交价74.0，成交金额296,000.00元，现金-296,173.16元，交易后持股4000股",建仓成本173.16元,74.0,4000,296000.0,173.16,"33上行首仓；上涨波段62.5%拉回支撑；共振=MA10,MA20；开盘已触发成交",-173.16,,4000,持有4000股,-296173.16,主流标准基本面模型入选；MA20/MA60同步上扬；收盘站上MA20；量能高于5/10日基准1.28倍；多周期均量扣低走高,MA20/MA60同步上扬；收盘站上MA20；量能高于5/10日基准1.28倍；多周期均量扣低走高,0.625,59.9 / 88.86,2025-09-23 → 2026-01-29
175,2026-02-03,金诚信,sh.603979,卖出,"卖出金诚信(sh.603979) 4000股，成交价74.93，成交金额299,720.00元，现金+299,394.80元，本次盈利+3,221.64元，收益率+1.09%，清仓","盈利3,221.64元 (+1.09%)",74.93,4000,299720.0,325.2,收盘条件止损；14:55收盘代理价成交,3221.64,1.0878,0,清仓,299394.8,,,,,
176,2026-02-03,赤峰黄金,sh.600988,买入,"买入赤峰黄金(sh.600988) 5500股，成交价36.19，成交金额199,045.00元，现金-199,161.44元，交易后持股5500股",建仓成本116.44元,36.19,5500,199045.0,116.44,33未上行首仓；上涨波段50.0%拉回支撑；共振=MA20；开盘已触发成交,-116.44,,5500,持有5500股,-199161.44,主流标准基本面模型入选；MA20/MA60同步上扬；收盘站上MA20,MA20/MA60同步上扬；收盘站上MA20,0.5,22.42 / 51.07,2025-07-31 → 2026-01-29
177,2026-02-04,赤峰黄金,sh.600988,卖出,"卖出赤峰黄金(sh.600988) 2200股，成交价38.21，成交金额84,062.00元，现金+83,970.79元，本次盈利+4,306.22元，收益率+5.41%，剩余3300股","盈利4,306.22元 (+5.41%)",38.21,2200,84062.0,91.21,14:55收盘代理价成交,4306.22,5.4054,3300,持有3300股,83970.79,,,,,
178,2026-02-05,赤峰黄金,sh.600988,卖出,"卖出赤峰黄金(sh.600988) 3300股，成交价36.52，成交金额120,516.00元，现金+120,385.24元，本次盈利+888.38元，收益率+0.74%，清仓",盈利888.38元 (+0.74%),36.52,3300,120516.0,130.76,收盘条件止损；14:55收盘代理价成交,888.38,0.7434,0,清仓,120385.24,,,,,
179,2026-02-05,金诚信,sh.603979,买入,"买入金诚信(sh.603979) 2700股，成交价72.3，成交金额195,210.00元，现金-195,324.20元，交易后持股2700股",建仓成本114.20元,72.3,2700,195210.0,114.2,33未上行首仓；上涨波段62.5%拉回支撑；共振=MA60；开盘已触发成交,-114.2,,2700,持有2700股,-195324.2,主流标准基本面模型入选；MA20/MA60同步上扬；贴近上扬MA20支撑,MA20/MA60同步上扬；贴近上扬MA20支撑,0.625,44.92 / 88.86,2025-07-16 → 2026-01-29
180,2026-02-06,金诚信,sh.603979,卖出,"卖出金诚信(sh.603979) 2700股，成交价71.58，成交金额193,266.00元，现金+193,056.31元，本次亏损-2,267.89元，收益率-1.16%，清仓","亏损-2,267.89元 (-1.16%)",71.58,2700,193266.0,209.69,收盘条件止损；14:55收盘代理价成交,-2267.89,-1.1611,0,清仓,193056.31,,,,,
181,2026-02-06,中原传媒,sz.000719,买入,"买入中原传媒(sz.000719) 15100股，成交价13.16，成交金额198,716.00元，现金-198,832.25元，交易后持股15100股",建仓成本116.25元,13.16,15100,198716.0,116.25,33未上行首仓；上涨波段62.5%拉回支撑；共振=MA5；开盘已触发成交,-116.25,,15100,持有15100股,-198832.25,主流标准基本面模型入选；MA20/MA60同步上扬；收盘站上MA20；距离21日收盘高点3%以内；量能高于5/10日基准1.97倍；多周期均量扣低走高,MA20/MA60同步上扬；收盘站上MA20；距离21日收盘高点3%以内；量能高于5/10日基准1.97倍；多周期均量扣低走高,0.625,11.69 / 14.06,2025-12-17 → 2026-02-04
182,2026-02-12,中原传媒,sz.000719,卖出,"卖出中原传媒(sz.000719) 15100股，成交价13.28，成交金额200,528.00元，现金+200,310.43元，本次盈利+1,478.18元，收益率+0.74%，清仓","盈利1,478.18元 (+0.74%)",13.28,15100,200528.0,217.57,entry time condition；14:55收盘代理价成交,1478.18,0.7434,0,清仓,200310.43,,,,,
183,2026-02-12,赤峰黄金,sh.600988,买入,"买入赤峰黄金(sh.600988) 5300股，成交价37.64，成交金额199,492.00元，现金-199,608.70元，交易后持股5300股",建仓成本116.70元,37.64,5300,199492.0,116.7,33未上行首仓；上涨波段62.5%拉回支撑；共振=MA20；开盘已触发成交,-116.7,,5300,持有5300股,-199608.7,主流标准基本面模型入选；MA20/MA60同步上扬；贴近上扬MA20支撑,MA20/MA60同步上扬；贴近上扬MA20支撑,0.625,15.8 / 51.07,2025-01-13 → 2026-01-29
184,2026-02-13,赤峰黄金,sh.600988,卖出,"卖出赤峰黄金(sh.600988) 5300股，成交价36.99，成交金额196,047.00元，现金+195,834.29元，本次亏损-3,774.41元，收益率-1.89%，清仓","亏损-3,774.41元 (-1.89%)",36.99,5300,196047.0,212.71,收盘条件止损；14:55收盘代理价成交,-3774.41,-1.8909,0,清仓,195834.29,,,,,
185,2026-02-13,杰普特,sh.688025,买入,"买入杰普特(sh.688025) 800股，成交价209.317，成交金额167,454.00元，现金-167,551.96元，交易后持股800股",建仓成本97.96元,209.317,800,167454.0,97.96,33未上行首仓；上涨波段75.0%拉回支撑；共振=MA5；盘中触及结构位成交,-97.96,,800,持有800股,-167551.96,主流标准基本面模型入选；MA20/MA60同步上扬；收盘站上MA20；距离21日收盘高点3%以内；量能高于5/10日基准1.24倍；多周期均量扣低走高,MA20/MA60同步上扬；收盘站上MA20；距离21日收盘高点3%以内；量能高于5/10日基准1.24倍；多周期均量扣低走高,0.75,136.71 / 233.52,2025-12-24 → 2026-02-10
186,2026-02-24,杰普特,sh.688025,卖出,"卖出杰普特(sh.688025) 800股，成交价209.26，成交金额167,408.00元，现金+167,226.36元，本次亏损-325.60元，收益率-0.19%，清仓",亏损-325.60元 (-0.19%),209.26,800,167408.0,181.64,收盘条件止损；14:55收盘代理价成交,-325.6,-0.1943,0,清仓,167226.36,,,,,
187,2026-02-24,赤峰黄金,sh.600988,买入,"买入赤峰黄金(sh.600988) 5000股，成交价39.335，成交金额196,675.00元，现金-196,790.05元，交易后持股5000股",建仓成本115.05元,39.335,5000,196675.0,115.05,直接突破首仓；上涨波段50%有效跌破后重新突破；盘中突破成交,-115.05,,5000,持有5000股,-196790.05,主流标准基本面模型入选；MA20/MA60同步上扬；贴近上扬MA20支撑,MA20/MA60同步上扬；贴近上扬MA20支撑,0.5,27.6 / 51.07,2025-09-29 → 2026-01-29
188,2026-02-25,赤峰黄金,sh.600988,卖出,"卖出赤峰黄金(sh.600988) 5000股，成交价38.85，成交金额194,250.00元，现金+194,039.24元，本次亏损-2,750.82元，收益率-1.40%，清仓","亏损-2,750.82元 (-1.40%)",38.85,5000,194250.0,210.76,开盘未站上39.335；跳空止损成交,-2750.82,-1.3978,0,清仓,194039.24,,,,,
189,2026-02-25,赤峰黄金,sh.600988,买入,"买入赤峰黄金(sh.600988) 5100股，成交价38.793，成交金额197,841.75元，现金-197,957.49元，交易后持股5100股",建仓成本115.74元,38.793,5100,197841.75,115.74,33未上行首仓；上涨波段62.5%拉回支撑；共振=MA20；盘中触及结构位成交,-115.74,,5100,持有5100股,-197957.49,主流标准基本面模型入选；MA20/MA60同步上扬；贴近上扬MA20支撑；多周期均量扣低走高,MA20/MA60同步上扬；贴近上扬MA20支撑；多周期均量扣低走高,0.625,18.33 / 51.07,2025-03-11 → 2026-01-29
190,2026-02-26,赤峰黄金,sh.600988,卖出,"卖出赤峰黄金(sh.600988) 5100股，成交价38.44，成交金额196,044.00元，现金+195,831.29元，本次亏损-2,126.20元，收益率-1.07%，清仓","亏损-2,126.20元 (-1.07%)",38.44,5100,196044.0,212.71,收盘条件止损；14:55收盘代理价成交,-2126.2,-1.0741,0,清仓,195831.29,,,,,
191,2026-02-26,紫金矿业,sh.601899,买入,"买入紫金矿业(sh.601899) 5100股，成交价38.805，成交金额197,905.50元，现金-198,021.27元，交易后持股5100股",建仓成本115.77元,38.805,5100,197905.5,115.77,"33未上行首仓；上涨波段62.5%拉回支撑；共振=MA5,MA10,MA20；盘中触及结构位成交",-115.77,,5100,持有5100股,-198021.27,主流标准基本面模型入选；MA20/MA60同步上扬；收盘站上MA20,MA20/MA60同步上扬；收盘站上MA20,0.625,29.68 / 44.28,2025-12-16 → 2026-01-29
192,2026-03-03,紫金矿业,sh.601899,卖出,"卖出紫金矿业(sh.601899) 5100股，成交价38.29，成交金额195,279.00元，现金+195,067.12元，本次亏损-2,954.15元，收益率-1.49%，清仓","亏损-2,954.15元 (-1.49%)",38.29,5100,195279.0,211.88,收盘条件止损；14:55收盘代理价成交,-2954.15,-1.4918,0,清仓,195067.12,,,,,
193,2026-03-03,四川黄金,sz.001337,买入,"买入四川黄金(sz.001337) 3600股，成交价54.254，成交金额195,313.50元，现金-195,427.76元，交易后持股3600股",建仓成本114.26元,54.254,3600,195313.5,114.26,33未上行首仓；上涨波段62.5%拉回支撑；共振=MA20；盘中触及结构位成交,-114.26,,3600,持有3600股,-195427.76,主流标准基本面模型入选；MA20/MA60同步上扬；收盘站上MA20；量能高于5/10日基准1.52倍；多周期均量扣低走高,MA20/MA60同步上扬；收盘站上MA20；量能高于5/10日基准1.52倍；多周期均量扣低走高,0.625,23.11 / 72.94,2025-08-28 → 2026-01-29
194,2026-03-04,四川黄金,sz.001337,卖出,"卖出四川黄金(sz.001337) 3600股，成交价54.02，成交金额194,472.00元，现金+194,261.00元，本次亏损-1,166.76元，收益率-0.60%，清仓","亏损-1,166.76元 (-0.60%)",54.02,3600,194472.0,211.0,收盘条件止损；14:55收盘代理价成交,-1166.76,-0.597,0,清仓,194261.0,,,,,
195,2026-03-04,赤峰黄金,sh.600988,买入,"买入赤峰黄金(sh.600988) 5000股，成交价39.75，成交金额198,750.00元，现金-198,866.27元，交易后持股5000股",建仓成本116.27元,39.75,5000,198750.0,116.27,33未上行首仓；上涨波段62.5%拉回支撑；共振=MA5；开盘已触发成交,-116.27,,5000,持有5000股,-198866.27,主流标准基本面模型入选；MA20/MA60同步上扬；收盘站上MA20；量能高于5/10日基准1.65倍；多周期均量扣低走高,MA20/MA60同步上扬；收盘站上MA20；量能高于5/10日基准1.65倍；多周期均量扣低走高,0.625,24.76 / 51.07,2025-05-12 → 2026-01-29
196,2026-03-05,赤峰黄金,sh.600988,卖出,"卖出赤峰黄金(sh.600988) 5000股，成交价40.0，成交金额200,000.00元，现金+199,783.00元，本次盈利+916.73元，收益率+0.46%，清仓",盈利916.73元 (+0.46%),40.0,5000,200000.0,217.0,收盘条件止损；14:55收盘代理价成交,916.73,0.461,0,清仓,199783.0,,,,,
197,2026-03-05,紫金矿业,sh.601899,买入,"买入紫金矿业(sh.601899) 5200股，成交价37.9，成交金额197,080.00元，现金-197,195.29元，交易后持股5200股",建仓成本115.29元,37.9,5200,197080.0,115.29,直接突破首仓；上涨波段50%有效跌破后重新突破；跳空越过触发价成交,-115.29,,5200,持有5200股,-197195.29,主流标准基本面模型入选；MA20/MA60同步上扬；贴近上扬MA20支撑；多周期均量扣低走高,MA20/MA60同步上扬；贴近上扬MA20支撑；多周期均量扣低走高,0.5,31.07 / 44.28,2025-12-30 → 2026-01-29
198,2026-03-06,紫金矿业,sh.601899,卖出,"卖出紫金矿业(sh.601899) 5200股，成交价36.47，成交金额189,644.00元，现金+189,438.24元，本次亏损-7,757.06元，收益率-3.93%，清仓","亏损-7,757.06元 (-3.93%)",36.47,5200,189644.0,205.76,开盘未站上37.675；跳空止损成交,-7757.06,-3.9337,0,清仓,189438.24,,,,,
199,2026-03-06,思源电气,sz.002028,买入,"买入思源电气(sz.002028) 800股，成交价229.73，成交金额183,784.00元，现金-183,891.51元，交易后持股800股",建仓成本107.51元,229.73,800,183784.0,107.51,直接突破首仓；价格突破21日收盘高点；盘中突破成交,-107.51,,800,持有800股,-183891.51,主流标准基本面模型入选；MA20/MA60同步上扬；收盘站上MA20；距离21日收盘高点3%以内；多周期均量扣低走高,MA20/MA60同步上扬；收盘站上MA20；距离21日收盘高点3%以内；多周期均量扣低走高,,,
200,2026-03-09,思源电气,sz.002028,卖出,"卖出思源电气(sz.002028) 800股，成交价228.09，成交金额182,472.00元，现金+182,274.02元，本次亏损-1,617.50元，收益率-0.88%，清仓","亏损-1,617.50元 (-0.88%)",228.09,800,182472.0,197.98,收盘条件止损；14:55收盘代理价成交,-1617.5,-0.8796,0,清仓,182274.02,,,,,
201,2026-03-09,海博思创,sh.688411,买入,"买入海博思创(sh.688411) 800股，成交价221.91，成交金额177,528.00元，现金-177,631.85元，交易后持股800股",建仓成本103.85元,221.91,800,177528.0,103.85,"33未上行首仓；上涨波段75.0%拉回支撑；共振=MA5,MA10,MA20；开盘已触发成交",-103.85,,800,持有800股,-177631.85,主流标准基本面模型入选；收盘站上MA20；多周期均量扣低走高,收盘站上MA20；多周期均量扣低走高,0.75,192.53 / 237.12,2025-09-22 → 2026-03-03
202,2026-03-12,海博思创,sh.688411,买入,"买入海博思创(sh.688411) 200股，成交价268.41，成交金额53,682.00元，现金-53,713.84元，交易后持股1000股",建仓成本31.84元,268.41,200,53682.0,31.84,浮盈加仓33%；价格突破21日收盘高点；跳空越过触发价成交,-31.84,,1000,持有1000股,-53713.84,主流标准基本面模型入选；MA20上扬；收盘站上MA20；距离21日收盘高点3%以内；量能高于5/10日基准3.28倍；多周期均量扣低走高,MA20上扬；收盘站上MA20；距离21日收盘高点3%以内；量能高于5/10日基准3.28倍；多周期均量扣低走高,,,
203,2026-03-13,海博思创,sh.688411,卖出,"卖出海博思创(sh.688411) 200股，成交价257.99，成交金额51,598.00元，现金+51,541.40元，本次亏损-2,172.44元，收益率-4.04%，剩余800股","亏损-2,172.44元 (-4.04%)",257.99,200,51598.0,56.6,收盘条件止损；14:55收盘代理价成交,-2172.44,-4.0445,800,持有800股,51541.4,,,,,
204,2026-03-17,海博思创,sh.688411,卖出,"卖出海博思创(sh.688411) 200股，成交价251.43，成交金额50,286.00元，现金+50,230.71元，本次盈利+5,822.75元，收益率+13.11%，剩余600股","盈利5,822.75元 (+13.11%)",251.43,200,50286.0,55.29,14:55收盘代理价成交,5822.75,13.112,600,持有600股,50230.71,,,,,
205,2026-03-23,博俊科技,sz.300926,卖出,"卖出博俊科技(sz.300926) 1400股，成交价27.54，成交金额38,556.00元，现金+38,512.44元，本次亏损-922.26元，收益率-2.34%，剩余2500股",亏损-922.26元 (-2.34%),27.54,1400,38556.0,43.56,收盘条件止损；14:55收盘代理价成交,-922.26,-2.3387,2500,持有2500股,38512.44,,,,,
206,2026-03-31,海博思创,sh.688411,卖出,"卖出海博思创(sh.688411) 200股，成交价232.04，成交金额46,408.00元，现金+46,356.59元，本次盈利+1,948.63元，收益率+4.39%，剩余400股","盈利1,948.63元 (+4.39%)",232.04,200,46408.0,51.41,14:55收盘代理价成交,1948.63,4.388,400,持有400股,46356.59,,,,,
207,2026-04-02,海博思创,sh.688411,卖出,"卖出海博思创(sh.688411) 400股，成交价222.81，成交金额89,124.00元，现金+89,027.30元，本次盈利+211.37元，收益率+0.24%，清仓",盈利211.37元 (+0.24%),222.81,400,89124.0,96.7,收盘条件止损；14:55收盘代理价成交,211.37,0.238,0,清仓,89027.3,,,,,
208,2026-04-02,博俊科技,sz.300926,卖出,"卖出博俊科技(sz.300926) 2500股，成交价24.27，成交金额60,675.00元，现金+60,609.17元，本次盈利+636.60元，收益率+1.06%，清仓",盈利636.60元 (+1.06%),24.27,2500,60675.0,65.83,14:55收盘代理价成交,636.6,1.0615,0,清仓,60609.17,,,,,
209,2026-04-02,赤峰黄金,sh.600988,买入,"买入赤峰黄金(sh.600988) 4400股，成交价44.97，成交金额197,868.00元，现金-197,983.75元，交易后持股4400股",建仓成本115.75元,44.97,4400,197868.0,115.75,直接突破首仓；价格突破21日收盘高点；盘中突破成交,-115.75,,4400,持有4400股,-197983.75,主流标准基本面模型入选；MA20/MA60同步上扬；收盘站上MA20；距离21日收盘高点3%以内,MA20/MA60同步上扬；收盘站上MA20；距离21日收盘高点3%以内,,,
210,2026-04-03,赤峰黄金,sh.600988,卖出,"卖出赤峰黄金(sh.600988) 4400股，成交价44.55，成交金额196,020.00元，现金+195,807.32元，本次亏损-2,176.43元，收益率-1.10%，清仓","亏损-2,176.43元 (-1.10%)",44.55,4400,196020.0,212.68,开盘未站上44.970；跳空止损成交,-2176.43,-1.0993,0,清仓,195807.32,,,,,
211,2026-04-03,新 和 成,sz.002001,买入,"买入新 和 成(sz.002001) 5900股，成交价33.85，成交金额199,715.00元，现金-199,831.83元，交易后持股5900股",建仓成本116.83元,33.85,5900,199715.0,116.83,直接突破首仓；上涨波段50%有效跌破后重新突破；跳空越过触发价成交,-116.83,,5900,持有5900股,-199831.83,基本价值线模型入选；MA20/MA60同步上扬；贴近上扬MA20支撑,MA20/MA60同步上扬；贴近上扬MA20支撑,0.5,28.51 / 39.14,2026-02-24 → 2026-03-12
212,2026-04-08,新 和 成,sz.002001,卖出,"卖出新 和 成(sz.002001) 1100股，成交价35.35，成交金额38,885.00元，现金+38,841.11元，本次盈利+1,584.33元，收益率+4.25%，剩余4800股","盈利1,584.33元 (+4.25%)",35.35,1100,38885.0,43.88,14:55收盘代理价成交,1584.33,4.2525,4800,持有4800股,38841.11,,,,,
213,2026-04-14,拓荆科技,sh.688072,买入,"买入拓荆科技(sh.688072) 400股，成交价403.28，成交金额161,312.00元，现金-161,406.37元，交易后持股400股",建仓成本94.37元,403.28,400,161312.0,94.37,直接突破首仓；价格突破21日收盘高点；跳空越过触发价成交,-94.37,,400,持有400股,-161406.37,主流标准基本面模型入选；MA20/MA60同步上扬；收盘站上MA20；距离21日收盘高点3%以内；多周期均量扣低走高,MA20/MA60同步上扬；收盘站上MA20；距离21日收盘高点3%以内；多周期均量扣低走高,,,
214,2026-04-17,拓荆科技,sh.688072,卖出,"卖出拓荆科技(sh.688072) 400股，成交价390.13，成交金额156,052.00元，现金+155,882.68元，本次亏损-5,523.68元，收益率-3.42%，清仓","亏损-5,523.68元 (-3.42%)",390.13,400,156052.0,169.32,收盘条件止损；14:55收盘代理价成交,-5523.68,-3.4222,0,清仓,155882.68,,,,,
215,2026-04-20,新 和 成,sz.002001,卖出,"卖出新 和 成(sz.002001) 4800股，成交价33.41，成交金额160,368.00元，现金+160,194.00元，本次亏损-2,381.05元，收益率-1.46%，清仓","亏损-2,381.05元 (-1.46%)",33.41,4800,160368.0,174.0,收盘条件止损；14:55收盘代理价成交,-2381.05,-1.4646,0,清仓,160194.0,,,,,
216,2026-04-20,拓荆科技,sh.688072,买入,"买入拓荆科技(sh.688072) 600股，成交价386.065，成交金额231,639.00元，现金-231,774.51元，交易后持股600股",建仓成本135.51元,386.065,600,231639.0,135.51,33上行首仓；上涨波段75.0%拉回支撑；共振=MA10；盘中触及结构位成交,-135.51,,600,持有600股,-231774.51,主流标准基本面模型入选；MA20/MA60同步上扬；收盘站上MA20；量能高于5/10日基准1.25倍；多周期均量扣低走高,MA20/MA60同步上扬；收盘站上MA20；量能高于5/10日基准1.25倍；多周期均量扣低走高,0.75,284.92 / 419.78,2025-12-04 → 2026-04-14
217,2026-04-23,拓荆科技,sh.688072,卖出,"卖出拓荆科技(sh.688072) 600股，成交价379.84，成交金额227,904.00元，现金+227,656.72元，本次亏损-4,117.78元，收益率-1.78%，清仓","亏损-4,117.78元 (-1.78%)",379.84,600,227904.0,247.28,收盘条件止损；14:55收盘代理价成交,-4117.78,-1.7766,0,清仓,227656.72,,,,,
218,2026-04-23,移远通信,sh.603236,买入,"买入移远通信(sh.603236) 3300股，成交价60.075，成交金额198,247.50元，现金-198,363.47元，交易后持股3300股",建仓成本115.97元,60.075,3300,198247.5,115.97,直接突破首仓；上涨波段50%有效跌破后重新突破；盘中突破成交,-115.97,,3300,持有3300股,-198363.47,基本价值线模型入选；MA20上扬；收盘站上MA20；距离21日收盘高点3%以内；量能高于5/10日基准1.73倍；多周期均量扣低走高,MA20上扬；收盘站上MA20；距离21日收盘高点3%以内；量能高于5/10日基准1.73倍；多周期均量扣低走高,0.5,39.84 / 80.31,2025-04-09 → 2025-08-28
219,2026-04-24,移远通信,sh.603236,卖出,"卖出移远通信(sh.603236) 3300股，成交价54.39，成交金额179,487.00元，现金+179,292.26元，本次亏损-19,071.22元，收益率-9.61%，清仓","亏损-19,071.22元 (-9.61%)",54.39,3300,179487.0,194.74,收盘条件止损；14:55收盘代理价成交,-19071.22,-9.6143,0,清仓,179292.26,,,,,
220,2026-04-24,拓荆科技,sh.688072,买入,"买入拓荆科技(sh.688072) 400股，成交价384.79，成交金额153,916.00元，现金-154,006.04元，交易后持股400股",建仓成本90.04元,384.79,400,153916.0,90.04,直接突破首仓；上涨波段50%有效跌破后重新突破；跳空越过触发价成交,-90.04,,400,持有400股,-154006.04,主流标准基本面模型入选；MA20/MA60同步上扬；贴近上扬MA20支撑,MA20/MA60同步上扬；贴近上扬MA20支撑,0.5,345.82 / 419.78,2026-04-07 → 2026-04-14
221,2026-04-29,瑞芯微,sh.603893,买入,"买入瑞芯微(sh.603893) 1600股，成交价177.918，成交金额284,668.00元，现金-284,834.53元，交易后持股1600股",建仓成本166.53元,177.918,1600,284668.0,166.53,"33上行首仓；上涨波段75.0%拉回支撑；共振=MA5,MA10；盘中触及结构位成交",-166.53,,1600,持有1600股,-284834.53,主流标准基本面模型入选；MA20上扬；收盘站上MA20；距离21日收盘高点3%以内；多周期均量扣低走高,MA20上扬；收盘站上MA20；距离21日收盘高点3%以内；多周期均量扣低走高,0.75,147.7 / 187.99,2026-04-07 → 2026-04-27
222,2026-05-14,瑞芯微,sh.603893,卖出,"卖出瑞芯微(sh.603893) 1600股，成交价175.0，成交金额280,000.00元，现金+279,696.20元，本次亏损-5,138.33元，收益率-1.80%，清仓","亏损-5,138.33元 (-1.80%)",175.0,1600,280000.0,303.8,收盘条件止损；14:55收盘代理价成交,-5138.33,-1.804,0,清仓,279696.2,,,,,
223,2026-05-14,工业富联,sh.601138,买入,"买入工业富联(sh.601138) 2700股，成交价74.0，成交金额199,800.00元，现金-199,916.88元，交易后持股2700股",建仓成本116.88元,74.0,2700,199800.0,116.88,直接突破首仓；价格突破21日收盘高点；跳空越过触发价成交,-116.88,,2700,持有2700股,-199916.88,主流标准基本面模型入选；MA20/MA60同步上扬；收盘站上MA20；距离21日收盘高点3%以内；量能高于5/10日基准1.67倍；多周期均量扣低走高,MA20/MA60同步上扬；收盘站上MA20；距离21日收盘高点3%以内；量能高于5/10日基准1.67倍；多周期均量扣低走高,,,
224,2026-05-15,工业富联,sh.601138,卖出,"卖出工业富联(sh.601138) 2700股，成交价69.5，成交金额187,650.00元，现金+187,446.40元，本次亏损-12,470.48元，收益率-6.24%，清仓","亏损-12,470.48元 (-6.24%)",69.5,2700,187650.0,203.6,开盘未站上70.840；跳空止损成交,-12470.48,-6.2378,0,清仓,187446.4,,,,,
225,2026-05-15,杰普特,sh.688025,买入,"买入杰普特(sh.688025) 400股，成交价385.18，成交金额154,072.00元，现金-154,162.13元，交易后持股400股",建仓成本90.13元,385.18,400,154072.0,90.13,直接突破首仓；价格突破21日收盘高点；跳空越过触发价成交,-90.13,,400,持有400股,-154162.13,主流标准基本面模型入选；MA20/MA60同步上扬；收盘站上MA20；距离21日收盘高点3%以内；多周期均量扣低走高,MA20/MA60同步上扬；收盘站上MA20；距离21日收盘高点3%以内；多周期均量扣低走高,,,
226,2026-05-29,杰普特,sh.688025,卖出,"卖出杰普特(sh.688025) 200股，成交价387.77，成交金额77,554.00元，现金+77,469.85元，本次盈利+388.79元，收益率+0.50%，剩余200股",盈利388.79元 (+0.50%),387.77,200,77554.0,84.15,14:55收盘代理价成交,388.79,0.5044,200,持有200股,77469.85,,,,,
227,2026-06-01,杰普特,sh.688025,卖出,"卖出杰普特(sh.688025) 200股，成交价369.04，成交金额73,808.00元，现金+73,727.92元，本次亏损-3,353.15元，收益率-4.35%，清仓","亏损-3,353.15元 (-4.35%)",369.04,200,73808.0,80.08,收盘条件止损；14:55收盘代理价成交,-3353.15,-4.3502,0,清仓,73727.92,,,,,
228,2026-06-01,江南新材,sh.603124,买入,"买入江南新材(sh.603124) 1400股，成交价137.47，成交金额192,458.00元，现金-192,570.59元，交易后持股1400股",建仓成本112.59元,137.47,1400,192458.0,112.59,直接突破首仓；价格突破21日收盘高点；盘中突破成交,-112.59,,1400,持有1400股,-192570.59,主流标准基本面模型入选；MA20/MA60同步上扬；收盘站上MA20；距离21日收盘高点3%以内；量能高于5/10日基准1.31倍；多周期均量扣低走高,MA20/MA60同步上扬；收盘站上MA20；距离21日收盘高点3%以内；量能高于5/10日基准1.31倍；多周期均量扣低走高,,,
229,2026-06-02,江南新材,sh.603124,卖出,"卖出江南新材(sh.603124) 1400股，成交价132.55，成交金额185,570.00元，现金+185,368.66元，本次亏损-7,201.93元，收益率-3.74%，清仓","亏损-7,201.93元 (-3.74%)",132.55,1400,185570.0,201.34,开盘未站上137.470；跳空止损成交,-7201.93,-3.7399,0,清仓,185368.66,,,,,
230,2026-06-02,工业富联,sh.601138,买入,"买入工业富联(sh.601138) 2600股，成交价75.0，成交金额195,000.00元，现金-195,114.08元，交易后持股2600股",建仓成本114.08元,75.0,2600,195000.0,114.08,直接突破首仓；价格突破21日收盘高点；跳空越过触发价成交,-114.08,,2600,持有2600股,-195114.08,主流标准基本面模型入选；MA20/MA60同步上扬；收盘站上MA20；距离21日收盘高点3%以内；多周期均量扣低走高,MA20/MA60同步上扬；收盘站上MA20；距离21日收盘高点3%以内；多周期均量扣低走高,,,
231,2026-06-04,工业富联,sh.601138,卖出,"卖出工业富联(sh.601138) 500股，成交价78.55，成交金额39,275.00元，现金+39,230.72元，本次盈利+1,708.79元，收益率+4.55%，剩余2100股","盈利1,708.79元 (+4.55%)",78.55,500,39275.0,44.27,14:55收盘代理价成交,1708.79,4.5541,2100,持有2100股,39230.72,,,,,
232,2026-06-05,工业富联,sh.601138,卖出,"卖出工业富联(sh.601138) 2100股，成交价74.06，成交金额155,526.00元，现金+155,357.25元，本次亏损-2,234.88元，收益率-1.42%，清仓","亏损-2,234.88元 (-1.42%)",74.06,2100,155526.0,168.75,收盘条件止损；14:55收盘代理价成交,-2234.88,-1.4181,0,清仓,155357.25,,,,,
233,2026-06-05,德明利,sz.001309,买入,"买入德明利(sz.001309) 300股，成交价655.55，成交金额196,665.00元，现金-196,780.05元，交易后持股300股",建仓成本115.05元,655.55,300,196665.0,115.05,"33未上行首仓；上涨波段62.5%拉回支撑；共振=MA10,MA20；开盘已触发成交",-115.05,,300,持有300股,-196780.05,主流标准基本面模型入选；MA20/MA60同步上扬；收盘站上MA20；量能高于5/10日基准1.48倍；多周期均量扣低走高,MA20/MA60同步上扬；收盘站上MA20；量能高于5/10日基准1.48倍；多周期均量扣低走高,0.625,482.6 / 759.99,2026-04-24 → 2026-05-15
234,2026-06-08,德明利,sz.001309,卖出,"卖出德明利(sz.001309) 300股，成交价568.18，成交金额170,454.00元，现金+170,269.06元，本次亏损-26,510.99元，收益率-13.47%，清仓","亏损-26,510.99元 (-13.47%)",568.18,300,170454.0,184.94,hard space stop 589.995；跳空止损成交,-26510.99,-13.4724,0,清仓,170269.06,,,,,
235,2026-06-08,工业富联,sh.601138,买入,"买入工业富联(sh.601138) 2800股，成交价69.99，成交金额195,972.00元，现金-196,086.64元，交易后持股2800股",建仓成本114.64元,69.99,2800,195972.0,114.64,33未上行首仓；上涨波段62.5%拉回支撑；共振=MA10；开盘已触发成交,-114.64,,2800,持有2800股,-196086.64,主流标准基本面模型入选；MA20/MA60同步上扬；收盘站上MA20；多周期均量扣低走高,MA20/MA60同步上扬；收盘站上MA20；多周期均量扣低走高,0.625,54.3 / 84.95,2025-11-24 → 2026-06-03
236,2026-06-09,工业富联,sh.601138,卖出,"卖出工业富联(sh.601138) 700股，成交价74.74，成交金额52,318.00元，现金+52,260.68元，本次盈利+3,239.02元，收益率+6.61%，剩余2100股","盈利3,239.02元 (+6.61%)",74.74,700,52318.0,57.32,14:55收盘代理价成交,3239.02,6.6073,2100,持有2100股,52260.68,,,,,
237,2026-06-10,工业富联,sh.601138,卖出,"卖出工业富联(sh.601138) 2100股，成交价71.13，成交金额149,373.00元，现金+149,210.93元，本次盈利+2,145.95元，收益率+1.46%，清仓","盈利2,145.95元 (+1.46%)",71.13,2100,149373.0,162.07,收盘条件止损；14:55收盘代理价成交,2145.95,1.4592,0,清仓,149210.93,,,,,
238,2026-06-10,江南新材,sh.603124,买入,"买入江南新材(sh.603124) 1100股，成交价168.0，成交金额184,800.00元，现金-184,908.11元，交易后持股1100股",建仓成本108.11元,168.0,1100,184800.0,108.11,直接突破首仓；价格突破21日收盘高点；盘中突破成交,-108.11,,1100,持有1100股,-184908.11,主流标准基本面模型入选；MA20/MA60同步上扬；收盘站上MA20；距离21日收盘高点3%以内；量能高于5/10日基准1.53倍；多周期均量扣低走高,MA20/MA60同步上扬；收盘站上MA20；距离21日收盘高点3%以内；量能高于5/10日基准1.53倍；多周期均量扣低走高,,,
239,2026-06-11,江南新材,sh.603124,卖出,"卖出江南新材(sh.603124) 1100股，成交价165.68，成交金额182,248.00元，现金+182,050.26元，本次亏损-2,857.85元，收益率-1.55%，清仓","亏损-2,857.85元 (-1.55%)",165.68,1100,182248.0,197.74,开盘未站上168.000；跳空止损成交,-2857.85,-1.5455,0,清仓,182050.26,,,,,
240,2026-06-11,江南新材,sh.603124,买入,"买入江南新材(sh.603124) 1100股，成交价168.0，成交金额184,800.00元，现金-184,908.11元，交易后持股1100股",建仓成本108.11元,168.0,1100,184800.0,108.11,直接突破首仓；价格突破21日收盘高点；盘中突破成交,-108.11,,1100,持有1100股,-184908.11,主流标准基本面模型入选；MA20/MA60同步上扬；收盘站上MA20；距离21日收盘高点3%以内；多周期均量扣低走高,MA20/MA60同步上扬；收盘站上MA20；距离21日收盘高点3%以内；多周期均量扣低走高,,,
241,2026-06-16,江南新材,sh.603124,买入,"买入江南新材(sh.603124) 300股，成交价196.0，成交金额58,800.00元，现金-58,834.40元，交易后持股1400股",建仓成本34.40元,196.0,300,58800.0,34.4,浮盈加仓33%；价格突破21日收盘高点；盘中突破成交,-34.4,,1400,持有1400股,-58834.4,主流标准基本面模型入选；MA20/MA60同步上扬；收盘站上MA20；距离21日收盘高点3%以内；多周期均量扣低走高,MA20/MA60同步上扬；收盘站上MA20；距离21日收盘高点3%以内；多周期均量扣低走高,,,
242,2026-06-17,江南新材,sh.603124,卖出,"卖出江南新材(sh.603124) 300股，成交价192.1，成交金额57,630.00元，现金+57,567.37元，本次亏损-1,267.03元，收益率-2.15%，剩余1100股","亏损-1,267.03元 (-2.15%)",192.1,300,57630.0,62.63,收盘条件止损；14:55收盘代理价成交,-1267.03,-2.1536,1100,持有1100股,57567.37,,,,,
243,2026-06-18,江南新材,sh.603124,买入,"买入江南新材(sh.603124) 300股，成交价202.45，成交金额60,735.00元，现金-60,770.53元，交易后持股1400股",建仓成本35.53元,202.45,300,60735.0,35.53,浮盈加仓33%；价格突破21日收盘高点；盘中突破成交,-35.53,,1400,持有1400股,-60770.53,主流标准基本面模型入选；MA20/MA60同步上扬；收盘站上MA20；多周期均量扣低走高,MA20/MA60同步上扬；收盘站上MA20；多周期均量扣低走高,,,
244,2026-06-22,江南新材,sh.603124,卖出,"卖出江南新材(sh.603124) 300股，成交价201.0，成交金额60,300.00元，现金+60,234.57元，本次亏损-535.96元，收益率-0.88%，剩余1100股",亏损-535.96元 (-0.88%),201.0,300,60300.0,65.43,收盘条件止损；14:55收盘代理价成交,-535.96,-0.8819,1100,持有1100股,60234.57,,,,,
245,2026-06-23,江南新材,sh.603124,卖出,"卖出江南新材(sh.603124) 400股，成交价183.3，成交金额73,320.00元，现金+73,240.45元，本次盈利+6,001.14元，收益率+8.93%，剩余700股","盈利6,001.14元 (+8.93%)",183.3,400,73320.0,79.55,14:55收盘代理价成交,6001.14,8.925,700,持有700股,73240.45,,,,,
246,2026-06-26,江南新材,sh.603124,买入,"买入江南新材(sh.603124) 300股，成交价185.01，成交金额55,503.00元，现金-55,535.75元，交易后持股1000股",建仓成本32.75元,185.01,300,55503.0,32.75,浮盈加仓50%；上涨波段75.0%拉回支撑；共振=MA10；开盘已触发成交,-32.75,,1000,持有1000股,-55535.75,主流标准基本面模型入选；MA20/MA60同步上扬；收盘站上MA20,MA20/MA60同步上扬；收盘站上MA20,0.75,94.21 / 220.0,2026-03-24 → 2026-06-22
247,2026-06-29,江南新材,sh.603124,卖出,"卖出江南新材(sh.603124) 300股，成交价179.56，成交金额53,868.00元，现金+53,809.13元，本次亏损-1,726.62元，收益率-3.11%，剩余700股","亏损-1,726.62元 (-3.11%)",179.56,300,53868.0,58.87,收盘条件止损；14:55收盘代理价成交,-1726.62,-3.109,700,持有700股,53809.13,,,,,
248,2026-07-02,江南新材,sh.603124,卖出,"卖出江南新材(sh.603124) 200股，成交价172.83，成交金额34,566.00元，现金+34,526.43元，本次盈利+906.78元，收益率+2.70%，剩余500股",盈利906.78元 (+2.70%),172.83,200,34566.0,39.57,14:55收盘代理价成交,906.78,2.6972,500,持有500股,34526.43,,,,,
249,2026-07-06,江南新材,sh.603124,卖出,"卖出江南新材(sh.603124) 500股，成交价161.1，成交金额80,550.00元，现金+80,462.60元，本次亏损-3,586.54元，收益率-4.27%，清仓","亏损-3,586.54元 (-4.27%)",161.1,500,80550.0,87.4,收盘条件止损；14:55收盘代理价成交,-3586.54,-4.2672,0,清仓,80462.6,,,,,
250,2026-07-06,伟测科技,sh.688372,买入,"买入伟测科技(sh.688372) 1000股，成交价172.42，成交金额172,420.00元，现金-172,520.87元，交易后持股1000股",建仓成本100.87元,172.42,1000,172420.0,100.87,直接突破首仓；上涨波段50%有效跌破后重新突破；盘中突破成交,-100.87,,1000,持有1000股,-172520.87,主流标准基本面模型入选；MA20/MA60同步上扬；收盘站上MA20；多周期均量扣低走高,MA20/MA60同步上扬；收盘站上MA20；多周期均量扣低走高,0.5,154.84 / 190.0,2026-06-23 → 2026-06-30
251,2026-07-10,伟测科技,sh.688372,卖出,"卖出伟测科技(sh.688372) 200股，成交价173.69，成交金额34,738.00元，现金+34,698.26元，本次盈利+194.09元，收益率+0.56%，剩余800股",盈利194.09元 (+0.56%),173.69,200,34738.0,39.74,14:55收盘代理价成交,194.09,0.5625,800,持有800股,34698.26,,,,,
252,2026-07-13,伟测科技,sh.688372,卖出,"卖出伟测科技(sh.688372) 800股，成交价166.53，成交金额133,224.00元，现金+133,079.45元，本次亏损-4,937.24元，收益率-3.58%，清仓","亏损-4,937.24元 (-3.58%)",166.53,800,133224.0,144.55,收盘条件止损；14:55收盘代理价成交,-4937.24,-3.5773,0,清仓,133079.45,,,,,
253,2026-07-13,药明康德,sh.603259,买入,"买入药明康德(sh.603259) 1600股，成交价121.84，成交金额194,944.00元，现金-195,058.04元，交易后持股1600股",建仓成本114.04元,121.84,1600,194944.0,114.04,"33未上行首仓；上涨波段75.0%拉回支撑；共振=MA5,MA10；盘中触及结构位成交",-114.04,,1600,持有1600股,-195058.04,主流标准基本面模型入选；MA20/MA60同步上扬；收盘站上MA20；距离21日收盘高点3%以内,MA20/MA60同步上扬；收盘站上MA20；距离21日收盘高点3%以内,0.75,99.91 / 129.15,2025-09-29 → 2026-07-02
