date,code,name,action,price,execution_price,position_change_pct,reason,phase,realized_account_pct,execution_quantity,cost_basis,trade_side,quantity,trade_amount,commission_amount,stamp_duty_amount,slippage_amount,transaction_cost_amount,allocated_entry_fee_amount,cost_amount,gross_pnl_amount,profit_loss_amount,profit_loss_pct,cash_change_amount,requested_position_pct,cash_limited,lot_rounded,board_lot_size,grid_slot,value_line,account_mode,selection_reason,trade_basis_score,trade_basis_reason,technical_alignment,ima_web_validation,signal_type,entry_evidence_score,entry_evidence,industry_tags,structure_ratio,anchor_low,anchor_high,anchor_low_date,anchor_high_date,gap_up,anchor_pullback_low,anchor_pullback_low_date
2024-09-25,sh.688408,中信博,左侧网格买入,63.93,63.93,1.28,L1; 价值线网格第1份; gap_or_open_fill,waiting,-0.0011,200.0,63.93,买入,200.0,12786.0,5.0,0.0,6.39,11.39,0.0,,,-11.39,-0.0891,-12797.39,2.0,False,True,200.0,0.0,66.84257532961831,left,,,,,,,,,,,,,,,,,
2024-09-25,sh.688408,中信博,左侧网格买入,63.93,63.93,1.28,L2; 价值线网格第2份; gap_or_open_fill,waiting,-0.0011,200.0,63.93,买入,200.0,12786.0,5.0,0.0,6.39,11.39,0.0,,,-11.39,-0.0891,-12797.39,2.0,False,True,200.0,1.0,66.84257532961831,left,,,,,,,,,,,,,,,,,
2024-09-25,sh.688408,中信博,左侧网格买入,63.93,63.93,1.28,L3; 价值线网格第3份; gap_or_open_fill,waiting,-0.0011,200.0,63.93,买入,200.0,12786.0,5.0,0.0,6.39,11.39,0.0,,,-11.39,-0.0891,-12797.39,2.0,False,True,200.0,2.0,66.84257532961831,left,,,,,,,,,,,,,,,,,
2024-09-25,sh.688408,中信博,左侧网格买入,63.93,63.93,1.28,L4; 价值线网格第4份; gap_or_open_fill,waiting,-0.0011,200.0,63.93,买入,200.0,12786.0,5.0,0.0,6.39,11.39,0.0,,,-11.39,-0.0891,-12797.39,2.0,False,True,200.0,3.0,66.84257532961831,left,,,,,,,,,,,,,,,,,
2024-09-25,sh.688408,中信博,左侧网格买入,63.93,63.93,1.28,L5; 价值线网格第5份; gap_or_open_fill,waiting,-0.0011,200.0,63.93,买入,200.0,12786.0,5.0,0.0,6.39,11.39,0.0,,,-11.39,-0.0891,-12797.39,2.0,False,True,200.0,4.0,66.84257532961831,left,,,,,,,,,,,,,,,,,
2024-09-25,sh.688408,中信博,左侧网格买入,63.5,63.500446563137395,1.27,L6; 价值线网格第6份; intraday_cross,waiting,-0.0011,200.0,63.500446563137395,买入,200.0,12700.09,5.0,0.0,6.35,11.35,0.0,,,-11.35,-0.0894,-12711.44,2.0,False,True,200.0,5.0,66.84257532961831,left,,,,,,,,,,,,,,,,,
2024-09-26,sh.601628,中国人寿,右侧买入,37.77,37.77,29.84,R1; 33未三日下行首仓; 强趋势收盘放量突破21日收盘高点; 突破位止损; close_confirmed,waiting,-0.0175,7900.0,37.77,买入,7900.0,298383.0,25.36,0.0,149.19,174.55,0.0,,,-174.55,-0.0585,-298557.55,30.0,False,True,100.0,,,,主流标准基本面模型入选；MA20/MA60同步上扬；收盘站上MA20；距离21日收盘高点3%以内；量能高于5/10日基准1.72倍；多周期均量扣低走高；基本面硬条件通过且多周期强度居前；20日强度+17.4%；60日强度+23.2%；120日强度+35.6%；距120日高点+0.0%；MA20/MA60同步上扬；收盘站上MA20；距离21日收盘高点3%以内；量能高于5/10日基准1.72倍；多周期均量扣低走高,12.0,MA20/MA60同步上扬；收盘站上MA20；距离21日收盘高点3%以内；量能高于5/10日基准1.72倍；多周期均量扣低走高,trade_ready,aligned,strong_trend_breakout,7.0,"['primary:strong_trend_breakout', 'ma20_ma60_strong_trend', 'durable_price_leadership', 'volume_confirmed']",保险,,,,,,,,
2024-09-27,sh.601628,中国人寿,突破次日确认持有,38.12,38.12,0.0,R1; 开盘仍在36.680上方,waiting,0.0,0.0,,状态,0.0,0.0,0.0,0.0,0.0,0.0,0.0,,,,,0.0,,,,,,,,,,,,,,,,,,,,,,,,
2024-09-27,sh.688408,中信博,左侧网格卖出,70.185,70.18470409609924,-1.28,L4; 上一格卖出; intraday_cross,waiting,0.1232,-200.0,63.93,卖出,200.0,14036.94,5.0,7.02,7.02,19.04,11.39,12786.0,1250.94,1220.51,9.5372,14017.9,,,,,3.0,66.84257532961831,left,,,,,,,,,,,,,,,,,
2024-09-27,sh.688408,中信博,左侧网格卖出,66.843,66.84257532961831,-1.27,L6; 上一格卖出; intraday_cross,waiting,0.065,-200.0,63.500446563137395,卖出,200.0,13368.52,5.0,6.68,6.68,18.37,11.35,12700.09,668.43,638.71,5.0247,13350.15,,,,,5.0,66.84257532961831,left,,,,,,,,,,,,,,,,,
2024-09-30,sh.688408,中信博,左侧网格卖出,73.63,73.63,-1.28,L5; 上一格卖出; gap_or_open_fill,watch,0.192,-200.0,63.93,卖出,200.0,14726.0,5.0,7.36,7.36,19.73,11.39,12786.0,1940.0,1908.88,14.9162,14706.27,,,,,4.0,66.84257532961831,left,,,,,,,,,,,,,,,,,
2024-10-08,sh.601628,中国人寿,右侧买入,46.6,46.6,9.79,R2; 浮盈加仓33%; 强趋势收盘放量突破21日收盘高点; 突破位止损; close_confirmed,watch,-0.0057,2100.0,46.6,买入,2100.0,97860.0,8.32,0.0,48.93,57.25,0.0,,,-57.25,-0.0585,-97917.25,9.9461,False,True,100.0,,,,主流标准基本面模型入选；MA20/MA60同步上扬；收盘站上MA20；距离21日收盘高点3%以内；量能高于5/10日基准1.78倍；多周期均量扣低走高；基本面硬条件通过且多周期强度居前；20日强度+35.4%；60日强度+45.3%；120日强度+54.5%；距120日高点+0.0%；MA20/MA60同步上扬；收盘站上MA20；距离21日收盘高点3%以内；量能高于5/10日基准1.78倍；多周期均量扣低走高,12.0,MA20/MA60同步上扬；收盘站上MA20；距离21日收盘高点3%以内；量能高于5/10日基准1.78倍；多周期均量扣低走高,trade_ready,aligned,strong_trend_breakout,8.0,"['primary:strong_trend_breakout', 'ma20_ma60_strong_trend', 'durable_price_leadership', 'volume_confirmed', 'gap_up']",保险,,,,,,,,
2024-10-09,sh.601628,中国人寿,突破次日确认持有,44.32,44.32,0.0,R2; 开盘仍在42.370上方,active,0.0,0.0,,状态,0.0,0.0,0.0,0.0,0.0,0.0,0.0,,,,,0.0,,,,,,,,,,,,,,,,,,,,,,,,
2024-10-09,sh.601628,中国人寿,统一分仓收盘止盈1份,41.94,41.94,-5.67,止盈条件=trailing_10; 14:55/close proxy,active,0.6187,-1500.0,37.77,卖出,1500.0,62910.0,5.35,31.46,31.46,68.26,33.14,56655.0,6255.0,6153.6,10.8552,62841.74,,,,,,,,,,,,,,,,,,,,,,,,
2024-10-10,sh.601628,中国人寿,止损清仓,41.67,41.67,-9.79,R2; hard space stop 41.940; gap_stop,active,-1.0448,-2100.0,46.6,卖出,2100.0,87507.0,7.44,43.75,43.75,94.95,57.25,97860.0,-10353.0,-10505.19,-10.7286,87412.05,,,,,,,,,,,,,,,,,,,,,,,,
2024-10-10,sh.601628,中国人寿,统一分仓收盘止盈1份,42.32,42.32,-6.04,止盈条件=volume_node_break:2024-10-08; 14:55/close proxy,active,0.7207,-1600.0,37.77,卖出,1600.0,67712.0,5.76,33.86,33.86,73.47,35.35,60432.0,7280.0,7171.18,11.8596,67638.53,,,,,,,,,,,,,,,,,,,,,,,,
2024-10-11,sh.601628,中国人寿,右侧买入,41.02,41.02,9.02,R3; 浮盈加仓50%; 上涨波段75.0%拉回支撑; 共振=MA5; gap_or_open_fill,active,-0.0053,2200.0,41.02,买入,2200.0,90244.0,7.67,0.0,45.12,52.79,0.0,,,-52.79,-0.0585,-90296.79,9.0648,False,True,100.0,,,,主流标准基本面模型入选；MA20/MA60同步上扬；收盘站上MA20；量能高于5/10日基准1.31倍；多周期均量扣低走高；基本面硬条件通过且多周期强度居前；20日强度+28.5%；60日强度+45.8%；120日强度+61.9%；距120日高点-9.2%；MA20/MA60同步上扬；收盘站上MA20；量能高于5/10日基准1.31倍；多周期均量扣低走高,9.0,MA20/MA60同步上扬；收盘站上MA20；量能高于5/10日基准1.31倍；多周期均量扣低走高,trade_ready,aligned,uptrend_support_pullback,6.0,"['primary:uptrend_support_pullback', 'volume_confirmed', 'large_wave_structure']",保险,0.75,29.24,46.6,2024-07-26,2024-10-08,,,
2024-10-15,sh.601628,中国人寿,收盘条件退出,41.1,41.1,-9.02,R3; condition stop; 14:55/close proxy,active,0.0078,-2200.0,41.02,卖出,2200.0,90420.0,7.69,45.21,45.21,98.11,52.79,90244.0,176.0,25.1,0.0278,90321.89,,,,,,,,,,,,,,,,,,,,,,,,
2024-10-16,sh.601628,中国人寿,统一分仓收盘止盈1份,41.34,41.34,-6.04,止盈条件=volume_node_break:2024-10-14; 14:55/close proxy,active,0.564,-1600.0,37.77,卖出,1600.0,66144.0,5.62,33.07,33.07,71.77,35.35,60432.0,5712.0,5604.88,9.2693,66072.23,,,,,,,,,,,,,,,,,,,,,,,,
2024-10-21,sh.601628,中国人寿,右侧买入,42.028,42.0275,5.88,"R4; 浮盈加仓50%; 上涨波段75.0%拉回支撑; 共振=MA5,MA10; intraday_cross",active,-0.0034,1400.0,42.0275,买入,1400.0,58838.5,5.0,0.0,29.42,34.42,0.0,,,-34.42,-0.0585,-58872.92,6.0432000000000015,False,True,100.0,,,,主流标准基本面模型入选；MA20/MA60同步上扬；收盘站上MA20；多周期均量扣低走高；基本面硬条件通过且多周期强度居前；20日强度+29.8%；60日强度+36.0%；120日强度+55.5%；距120日高点-9.8%；MA20/MA60同步上扬；收盘站上MA20；多周期均量扣低走高,7.0,MA20/MA60同步上扬；收盘站上MA20；多周期均量扣低走高,trade_ready,aligned,uptrend_support_pullback,6.0,"['primary:uptrend_support_pullback', 'volume_confirmed', 'large_wave_structure']",保险,0.75,28.31,46.6,2024-07-08,2024-10-08,,,
2024-10-24,sz.300394,天孚通信,右侧买入,65.42,65.42,29.44,R5; 33未三日下行首仓; 强趋势收盘放量突破21日收盘高点; 突破位止损; close_confirmed,active,-0.0172,4500.0,65.42,买入,4500.0,294390.0,25.02,0.0,147.19,172.22,0.0,,,-172.22,-0.0585,-294562.22,30.0,False,True,100.0,,,,基本价值线模型入选；MA20/MA60同步上扬；收盘站上MA20；量能高于5/10日基准1.38倍；多周期均量扣低走高；基本面硬条件通过且多周期强度居前；20日强度+57.0%；60日强度+28.2%；120日强度+5.7%；距120日高点-4.2%；MA20/MA60同步上扬；收盘站上MA20；量能高于5/10日基准1.38倍；多周期均量扣低走高,9.0,MA20/MA60同步上扬；收盘站上MA20；量能高于5/10日基准1.38倍；多周期均量扣低走高,trade_ready,aligned,strong_trend_breakout,7.0,"['primary:strong_trend_breakout', 'ma20_ma60_strong_trend', 'durable_price_leadership', 'volume_confirmed']",,,,,,,,,
2024-10-25,sz.300394,天孚通信,突破次日确认持有,65.67,65.67,0.0,R5; 开盘仍在62.280上方,active,0.0,0.0,,状态,0.0,0.0,0.0,0.0,0.0,0.0,0.0,,,,,0.0,,,,,,,,,,,,,,,,,,,,,,,,
2024-10-28,sh.601628,中国人寿,收盘条件退出,41.71,41.71,-5.88,R4; condition stop; 14:55/close proxy,active,-0.0508,-1400.0,42.0275,卖出,1400.0,58394.0,5.0,29.2,29.2,63.39,34.42,58838.5,-444.5,-542.31,-0.9212,58330.61,,,,,,,,,,,,,,,,,,,,,,,,
2024-10-28,sh.601628,中国人寿,统一分仓收盘止盈1份,41.71,41.71,-6.04,止盈条件=volume_node_break:2024-10-23; 14:55/close proxy,active,0.6232,-1600.0,37.77,卖出,1600.0,66736.0,5.67,33.37,33.37,72.41,35.35,60432.0,6304.0,6196.24,10.2472,66663.59,,,,,,,,,,,,,,,,,,,,,,,,
2024-10-29,sh.601628,中国人寿,统一尾仓收盘退出,41.77,41.77,-6.04,止盈条件=maximum_profit_half; 14:55/close proxy,active,0.6327,-1600.0,37.77,卖出,1600.0,66832.0,5.68,33.42,33.42,72.51,35.35,60432.0,6400.0,6292.13,10.4058,66759.49,,,,,,,,,,,,,,,,,,,,,,,,
2024-11-11,sz.300394,天孚通信,统一分仓收盘止盈1份,65.63,65.63,-5.89,止盈条件=profit_floor; 14:55/close proxy,active,0.0125,-900.0,65.42,卖出,900.0,59067.0,5.02,29.53,29.53,64.09,34.44,58878.0,189.0,90.47,0.1536,59002.91,,,,,,,,,,,,,,,,,,,,,,,,
2024-11-15,sz.300394,天孚通信,止损清仓,58.878,58.878,-23.55,R5; hard space stop 58.878; intraday_stop,active,-2.3781,-3600.0,65.42,卖出,3600.0,211960.8,18.02,105.98,105.98,229.98,137.77,235512.0,-23551.2,-23918.95,-10.1502,211730.82,,,,,,,,,,,,,,,,,,,,,,,,
2024-11-25,sz.300679,电连技术,右侧买入,52.74,52.74,29.53,R6; 33未三日下行首仓; 强趋势收盘放量突破21日收盘高点; 突破位止损; close_confirmed,active,-0.0173,5600.0,52.74,买入,5600.0,295344.0,25.1,0.0,147.67,172.78,0.0,,,-172.78,-0.0585,-295516.78,30.0,False,True,100.0,,,,基本面硬条件通过且多周期强度居前；20日强度+14.1%；60日强度+65.7%；120日强度+30.8%；距120日高点-0.3%；MA20/MA60同步上扬；收盘站上MA20；距离21日收盘高点3%以内；量能高于5/10日基准1.75倍；多周期均量扣低走高,12.0,MA20/MA60同步上扬；收盘站上MA20；距离21日收盘高点3%以内；量能高于5/10日基准1.75倍；多周期均量扣低走高,trade_ready,aligned,strong_trend_breakout,7.0,"['primary:strong_trend_breakout', 'ma20_ma60_strong_trend', 'durable_price_leadership', 'volume_confirmed']",,,,,,,,,
2024-11-26,sz.300679,电连技术,突破次日确认持有,52.94,52.94,0.0,R6; 开盘仍在51.050上方,active,0.0,0.0,,状态,0.0,0.0,0.0,0.0,0.0,0.0,0.0,,,,,0.0,,,,,,,,,,,,,,,,,,,,,,,,
2024-12-02,sz.300679,电连技术,统一分仓收盘止盈1份,54.62,54.62,-5.8,止盈条件=profit_floor; 14:55/close proxy,exited,0.2003,-1100.0,52.74,卖出,1100.0,60082.0,5.11,30.04,30.04,65.19,33.94,58014.0,2068.0,1968.87,3.3918,60016.81,,,,,,,,,,,,,,,,,,,,,,,,
2024-12-30,sh.688408,中信博,左侧网格买入,66.843,66.84257532961831,1.34,L4; 价值线网格第4份; intraday_cross,watch,-0.0012,200.0,66.84257532961831,买入,200.0,13368.52,5.0,0.0,6.68,11.68,0.0,,,-11.68,-0.0874,-13380.2,2.0,False,True,200.0,3.0,66.84257532961831,left,,,,,,,,,,,,,,,,,
2024-12-30,sh.688408,中信博,左侧网格买入,66.843,66.84257532961831,1.34,L5; 价值线网格第5份; intraday_cross,watch,-0.0012,200.0,66.84257532961831,买入,200.0,13368.52,5.0,0.0,6.68,11.68,0.0,,,-11.68,-0.0874,-13380.2,2.0,False,True,200.0,4.0,66.84257532961831,left,,,,,,,,,,,,,,,,,
2024-12-30,sh.688408,中信博,右侧买入,69.5,69.5,2.78,R7; 左转右加仓(不超过左仓一半); 33未三日下行首仓; 上涨波段50%有效跌破后收盘放量收复; close_confirmed,watch,-0.0019,400.0,69.5,买入,400.0,27800.0,5.0,0.0,13.9,18.9,0.0,,,-18.9,-0.068,-27818.9,3.254751506592366,False,True,200.0,,,,基本价值线模型入选；量能高于5/10日基准1.41倍；多周期均量扣低走高,3.0,量能高于5/10日基准1.41倍；多周期均量扣低走高,fundamental_only,needs_price_confirmation,uptrend_50_reclaim,10.0,"['primary:uptrend_50_reclaim', 'volume_confirmed', 'deduction_low_price_volume_ma120', 'large_wave_structure']",,0.5,40.12,98.46,2023-12-11,2024-10-08,False,,
2024-12-31,sh.688408,中信博,突破次日确认持有,69.42,69.42,0.0,R7; 开盘仍在69.290上方,watch,0.0,0.0,,状态,0.0,0.0,0.0,0.0,0.0,0.0,0.0,,,,,0.0,,,,,,,,,,,,,,,,,,,,,,,,
2024-12-31,sh.688408,中信博,左侧网格卖出,70.185,70.18470409609924,-1.34,L4; 上一格卖出; intraday_cross,watch,0.0649,-200.0,66.84257532961831,卖出,200.0,14036.94,5.0,7.02,7.02,19.04,11.68,13368.52,668.43,637.7,4.766,14017.9,,,,,3.0,66.84257532961831,left,,,,,,,,,,,,,,,,,
2025-01-02,sh.688408,中信博,收盘条件退出,66.66,66.66,-2.78,R7; condition stop; 14:55/close proxy,watch,-0.1168,-400.0,69.5,卖出,400.0,26664.0,5.0,13.33,13.33,31.66,18.9,27800.0,-1136.0,-1186.56,-4.2653,26632.34,,,,,,,,,,,,,,,,,,,,,,,,
2025-01-02,sz.300679,电连技术,统一分仓收盘止盈1份,54.78,54.78,-5.8,止盈条件=rising_ma20_break_3pct; 14:55/close proxy,watch,0.2179,-1100.0,52.74,卖出,1100.0,60258.0,5.12,30.13,30.13,65.38,33.94,58014.0,2244.0,2144.68,3.6947,60192.62,,,,,,,,,,,,,,,,,,,,,,,,
2025-01-03,sh.688408,中信博,左侧网格买入,66.58,66.58,1.33,L4; 价值线网格第4份; gap_or_open_fill,watch,-0.0012,200.0,66.58,买入,200.0,13316.0,5.0,0.0,6.66,11.66,0.0,,,-11.66,-0.0875,-13327.66,2.0,False,True,200.0,3.0,66.84257532961831,left,,,,,,,,,,,,,,,,,
2025-01-06,sh.688408,中信博,左侧网格卖出,70.185,70.18470409609924,-1.33,L4; 上一格卖出; intraday_cross,watch,0.0702,-200.0,66.58,卖出,200.0,14036.94,5.0,7.02,7.02,19.04,11.66,13316.0,720.94,690.25,5.179,14017.9,,,,,3.0,66.84257532961831,left,,,,,,,,,,,,,,,,,
2025-01-06,sh.688408,中信博,右侧买入,69.27,69.27,1.39,R8; 左转右加仓(不超过左仓一半); 33未三日下行首仓; 上涨波段50%有效跌破后收盘放量收复; close_confirmed,watch,-0.0012,200.0,69.27,买入,200.0,13854.0,5.0,0.0,6.93,11.93,0.0,,,-11.93,-0.0861,-13865.93,2.586325753296183,False,True,200.0,,,,基本价值线模型入选；基本面入选，等待价格/量能买点,0.0,基本面入选，等待价格/量能买点,fundamental_only,needs_price_confirmation,uptrend_50_reclaim,10.0,"['primary:uptrend_50_reclaim', 'volume_confirmed', 'deduction_low_price_volume_ma120', 'large_wave_structure']",,0.5,39.38,98.46,2023-12-21,2024-10-08,False,,
2025-01-07,sh.688408,中信博,突破次日确认持有,69.17,69.17,0.0,R8; 开盘仍在68.920上方,watch,0.0,0.0,,状态,0.0,0.0,0.0,0.0,0.0,0.0,0.0,,,,,0.0,,,,,,,,,,,,,,,,,,,,,,,,
2025-01-07,sh.688408,中信博,收盘条件退出,68.21,68.21,-1.39,R8; condition stop; 14:55/close proxy,watch,-0.0231,-200.0,69.27,卖出,200.0,13642.0,5.0,6.82,6.82,18.64,11.93,13854.0,-212.0,-242.57,-1.7494,13623.36,,,,,,,,,,,,,,,,,,,,,,,,
2025-01-08,sh.688408,中信博,左侧网格买入,66.843,66.84257532961831,1.34,L4; 价值线网格第4份; intraday_cross,watch,-0.0012,200.0,66.84257532961831,买入,200.0,13368.52,5.0,0.0,6.68,11.68,0.0,,,-11.68,-0.0874,-13380.2,2.0,False,True,200.0,3.0,66.84257532961831,left,,,,,,,,,,,,,,,,,
2025-01-09,sh.688408,中信博,左侧网格卖出,70.185,70.18470409609924,-1.34,L4; 上一格卖出; intraday_cross,exited,0.0649,-200.0,66.84257532961831,卖出,200.0,14036.94,5.0,7.02,7.02,19.04,11.68,13368.52,668.43,637.7,4.766,14017.9,,,,,3.0,66.84257532961831,left,,,,,,,,,,,,,,,,,
2025-01-10,sh.688408,中信博,左侧网格买入,66.843,66.84257532961831,1.34,L4; 价值线网格第4份; intraday_cross,exited,-0.0012,200.0,66.84257532961831,买入,200.0,13368.52,5.0,0.0,6.68,11.68,0.0,,,-11.68,-0.0874,-13380.2,2.0,False,True,200.0,3.0,66.84257532961831,left,,,,,,,,,,,,,,,,,
2025-01-14,sh.688408,中信博,左侧网格卖出,70.185,70.18470409609924,-1.34,L4; 上一格卖出; intraday_cross,exited,0.0649,-200.0,66.84257532961831,卖出,200.0,14036.94,5.0,7.02,7.02,19.04,11.68,13368.52,668.43,637.7,4.766,14017.9,,,,,3.0,66.84257532961831,left,,,,,,,,,,,,,,,,,
2025-01-23,sh.688408,中信博,左侧网格买入,60.75,60.75,1.21,L4; 价值线网格第4份; gap_or_open_fill,exited,-0.0011,200.0,60.75,买入,200.0,12150.0,5.0,0.0,6.08,11.07,0.0,,,-11.07,-0.0912,-12161.08,2.0,False,True,200.0,3.0,66.84257532961831,left,,,,,,,,,,,,,,,,,
2025-01-23,sh.688408,中信博,左侧网格买入,60.75,60.75,1.21,L6; 价值线网格第6份; gap_or_open_fill,exited,-0.0011,200.0,60.75,买入,200.0,12150.0,5.0,0.0,6.08,11.07,0.0,,,-11.07,-0.0912,-12161.08,2.0,False,True,200.0,5.0,66.84257532961831,left,,,,,,,,,,,,,,,,,
2025-01-23,sh.688408,中信博,左侧网格买入,60.325,60.325424234980524,1.21,L7; 价值线网格第7份; intraday_cross,exited,-0.0011,200.0,60.325424234980524,买入,200.0,12065.08,5.0,0.0,6.03,11.03,0.0,,,-11.03,-0.0914,-12076.12,2.0,False,True,200.0,6.0,66.84257532961831,left,,,,,,,,,,,,,,,,,
2025-02-05,sh.688408,中信博,左侧网格买入,57.309,57.309153023231495,1.15,L8; 价值线网格第8份; intraday_cross,watch,-0.0011,200.0,57.309153023231495,买入,200.0,11461.83,5.0,0.0,5.73,10.73,0.0,,,-10.73,-0.0936,-11472.56,2.0,False,True,200.0,7.0,66.84257532961831,left,,,,,,,,,,,,,,,,,
2025-02-05,sz.300866,安克创新,右侧买入,109.4,109.4,29.54,R9; 33未三日下行首仓; 强趋势收盘放量突破21日收盘高点; 突破位止损; close_confirmed,watch,-0.0173,2700.0,109.4,买入,2700.0,295380.0,25.11,0.0,147.69,172.8,0.0,,,-172.8,-0.0585,-295552.8,30.0,False,True,100.0,,,,基本面硬条件通过且多周期强度居前；20日强度+11.3%；60日强度+38.3%；120日强度+101.4%；距120日高点+0.0%；MA20/MA60同步上扬；收盘站上MA20；距离21日收盘高点3%以内；多周期均量扣低走高,10.0,MA20/MA60同步上扬；收盘站上MA20；距离21日收盘高点3%以内；多周期均量扣低走高,trade_ready,aligned,strong_trend_breakout,7.0,"['primary:strong_trend_breakout', 'ma20_ma60_strong_trend', 'durable_price_leadership', 'volume_confirmed']",,,,,,,,,
2025-02-06,sz.300866,安克创新,突破次日确认持有,108.33,108.33,0.0,R9; 开盘仍在104.880上方,watch,0.0,0.0,,状态,0.0,0.0,0.0,0.0,0.0,0.0,0.0,,,,,0.0,,,,,,,,,,,,,,,,,,,,,,,,
2025-02-10,sz.300866,安克创新,收盘条件退出,103.76,103.76,-29.54,R9; condition stop; 14:55/close proxy,watch,-1.5532,-2700.0,109.4,卖出,2700.0,280152.0,23.81,140.08,140.08,303.96,172.8,295380.0,-15228.0,-15704.76,-5.3137,279848.04,,,,,,,,,,,,,,,,,,,,,,,,
2025-02-17,sh.688408,中信博,左侧网格买入,54.444,54.44369537206992,1.09,L9; 价值线网格第9份; intraday_cross,active,-0.001,200.0,54.44369537206992,买入,200.0,10888.74,5.0,0.0,5.44,10.44,0.0,,,-10.44,-0.0959,-10899.18,2.0,False,True,200.0,8.0,66.84257532961831,left,,,,,,,,,,,,,,,,,
2025-02-18,sz.300679,电连技术,统一分仓收盘止盈1份,62.14,62.14,-5.8,止盈条件=trailing_10; 14:55/close proxy,active,1.0266,-1100.0,52.74,卖出,1100.0,68354.0,5.81,34.18,34.18,74.16,33.94,58014.0,10340.0,10231.9,17.6266,68279.84,,,,,,,,,,,,,,,,,,,,,,,,
2025-02-18,sz.002916,深南电路,右侧买入,112.33,112.33,29.21,R10; 33未三日下行首仓; 强趋势收盘放量突破21日收盘高点; 突破位止损; close_confirmed,active,-0.0171,2600.0,112.33,买入,2600.0,292058.0,24.82,0.0,146.03,170.85,0.0,,,-170.85,-0.0585,-292228.85,30.0,False,True,100.0,,,,基本面硬条件通过且多周期强度居前；20日强度+17.3%；60日强度+35.3%；120日强度+36.4%；距120日高点+0.0%；MA20/MA60同步上扬；收盘站上MA20；距离21日收盘高点3%以内；量能高于5/10日基准1.37倍；多周期均量扣低走高,12.0,MA20/MA60同步上扬；收盘站上MA20；距离21日收盘高点3%以内；量能高于5/10日基准1.37倍；多周期均量扣低走高,trade_ready,aligned,strong_trend_breakout,7.0,"['primary:strong_trend_breakout', 'ma20_ma60_strong_trend', 'durable_price_leadership', 'volume_confirmed']",,,,,,,,,
2025-02-19,sz.002916,深南电路,突破次日确认持有,112.27,112.27,0.0,R10; 开盘仍在111.570上方,active,0.0,0.0,,状态,0.0,0.0,0.0,0.0,0.0,0.0,0.0,,,,,0.0,,,,,,,,,,,,,,,,,,,,,,,,
2025-02-19,sz.002916,深南电路,收盘条件退出,111.54,111.54,-29.21,R10; condition stop; 14:55/close proxy,active,-0.2369,-2600.0,112.33,卖出,2600.0,290004.0,24.65,145.0,145.0,314.65,170.85,292058.0,-2054.0,-2539.51,-0.869,289689.35,,,,,,,,,,,,,,,,,,,,,,,,
2025-02-19,sh.688279,峰岹科技,右侧买入,239.1,239.1,28.69,R11; 33未三日下行首仓; 强趋势收盘放量突破21日收盘高点; 突破位止损; close_confirmed,active,-0.0168,1200.0,239.1,买入,1200.0,286920.0,24.39,0.0,143.46,167.85,0.0,,,-167.85,-0.0585,-287087.85,30.0,False,True,200.0,,,,基本面硬条件通过且多周期强度居前；20日强度+27.8%；60日强度+62.4%；120日强度+131.6%；距120日高点-6.1%；MA20/MA60同步上扬；收盘站上MA20,6.0,MA20/MA60同步上扬；收盘站上MA20,watch,aligned,strong_trend_breakout,7.0,"['primary:strong_trend_breakout', 'ma20_ma60_strong_trend', 'durable_price_leadership', 'volume_confirmed']",,,,,,,,,
2025-02-20,sh.688279,峰岹科技,突破次日确认持有,239.74,239.74,0.0,R11; 开盘仍在233.070上方,active,0.0,0.0,,状态,0.0,0.0,0.0,0.0,0.0,0.0,0.0,,,,,0.0,,,,,,,,,,,,,,,,,,,,,,,,
2025-02-26,sh.688408,中信博,左侧网格卖出,60.325,60.325424234980524,-1.15,L8; 上一格卖出; intraday_cross,active,0.0586,-200.0,57.309153023231495,卖出,200.0,12065.08,5.0,6.03,6.03,17.07,10.73,11461.83,603.25,575.46,5.016,12048.02,,,,,7.0,66.84257532961831,left,,,,,,,,,,,,,,,,,
2025-02-26,sh.688408,中信博,左侧网格卖出,57.309,57.309153023231495,-1.09,L9; 上一格卖出; intraday_cross,active,0.0557,-200.0,54.44369537206992,卖出,200.0,11461.83,5.0,5.73,5.73,16.46,10.44,10888.74,573.09,546.19,5.0112,11445.37,,,,,8.0,66.84257532961831,left,,,,,,,,,,,,,,,,,
2025-02-28,sh.688279,峰岹科技,统一分仓收盘止盈2份,244.21,244.21,-9.56,"止盈条件=profit_floor,trailing_10; 14:55/close proxy",active,0.1938,-400.0,239.1,卖出,400.0,97684.0,8.3,48.84,48.84,105.99,55.95,95640.0,2044.0,1882.06,1.9667,97578.01,,,,,,,,,,,,,,,,,,,,,,,,
2025-02-28,sh.688279,峰岹科技,右侧买入,257.82,257.82,5.16,R12; 浮盈加仓50%; 上涨波段75.0%拉回支撑; 共振=MA10; intraday_cross,active,-0.0031,200.0,257.82,买入,200.0,51564.0,5.0,0.0,25.78,30.78,0.0,,,-30.78,-0.0597,-51594.78,9.564000000000002,False,True,200.0,,,,基本面硬条件通过且多周期强度居前；20日强度+30.0%；60日强度+108.2%；120日强度+165.9%；距120日高点-8.4%；MA20/MA60同步上扬；收盘站上MA20；多周期均量扣低走高,7.0,MA20/MA60同步上扬；收盘站上MA20；多周期均量扣低走高,trade_ready,aligned,uptrend_support_pullback,6.0,"['primary:uptrend_support_pullback', 'volume_confirmed', 'large_wave_structure']",,0.75,144.6,295.56,2025-01-06,2025-02-21,,,
2025-03-03,sh.688408,中信博,左侧网格买入,57.309,57.309153023231495,1.15,L8; 价值线网格第8份; intraday_cross,active,-0.0011,200.0,57.309153023231495,买入,200.0,11461.83,5.0,0.0,5.73,10.73,0.0,,,-10.73,-0.0936,-11472.56,2.0,False,True,200.0,7.0,66.84257532961831,left,,,,,,,,,,,,,,,,,
2025-03-03,sh.688279,峰岹科技,收盘条件退出,247.17,247.17,-5.16,R12; condition stop; 14:55/close proxy,active,-0.2184,-200.0,257.82,卖出,200.0,49434.0,5.0,24.72,24.72,54.43,30.78,51564.0,-2130.0,-2215.22,-4.2935,49379.57,,,,,,,,,,,,,,,,,,,,,,,,
2025-03-03,sh.688279,峰岹科技,统一分仓收盘止盈1份,247.17,247.17,-4.78,止盈条件=volume_node_break:2025-02-21; 14:55/close proxy,active,0.156,-200.0,239.1,卖出,200.0,49434.0,5.0,24.72,24.72,54.43,27.97,47820.0,1614.0,1531.59,3.201,49379.57,,,,,,,,,,,,,,,,,,,,,,,,
2025-03-07,sh.688408,中信博,左侧网格买入,54.444,54.44369537206992,1.09,L9; 价值线网格第9份; intraday_cross,active,-0.001,200.0,54.44369537206992,买入,200.0,10888.74,5.0,0.0,5.44,10.44,0.0,,,-10.44,-0.0959,-10899.18,2.0,False,True,200.0,8.0,66.84257532961831,left,,,,,,,,,,,,,,,,,
2025-03-11,sh.688408,中信博,左侧网格卖出,57.309,57.309153023231495,-1.09,L9; 上一格卖出; intraday_cross,active,0.0557,-200.0,54.44369537206992,卖出,200.0,11461.83,5.0,5.73,5.73,16.46,10.44,10888.74,573.09,546.19,5.0112,11445.37,,,,,8.0,66.84257532961831,left,,,,,,,,,,,,,,,,,
2025-03-12,sz.300679,电连技术,汰弱退出,59.1,59.1,-12.13,R6; 低效率仓次日开盘退出,active,1.4481,-2300.0,52.74,卖出,2300.0,135930.0,11.55,67.97,67.97,147.48,70.96,121302.0,14628.0,14409.55,11.8721,135782.52,,,,,,,,,,,,,,,,,,,,,,,,
2025-03-17,sh.688279,峰岹科技,右侧买入,261.567,261.5675,5.23,R13; 浮盈加仓50%; 上涨波段75.0%拉回支撑; 共振=MA20; intraday_cross,active,-0.0031,200.0,261.5675,买入,200.0,52313.5,5.0,0.0,26.16,31.16,0.0,,,-31.16,-0.0596,-52344.66,7.173000000000002,False,True,200.0,,,,基本面硬条件通过且多周期强度居前；20日强度+21.5%；60日强度+68.0%；120日强度+153.3%；距120日高点-10.3%；MA20/MA60同步上扬；收盘站上MA20；量能高于5/10日基准1.31倍；多周期均量扣低走高,9.0,MA20/MA60同步上扬；收盘站上MA20；量能高于5/10日基准1.31倍；多周期均量扣低走高,trade_ready,aligned,uptrend_support_pullback,7.0,"['primary:uptrend_support_pullback', 'volume_confirmed', 'deduction_low_price_volume_ma20', 'large_wave_structure']",,0.75,110.63,311.88,2023-12-07,2025-03-06,,,
2025-03-18,sh.688279,峰岹科技,收盘条件退出,259.9,259.9,-5.23,R13; condition stop; 14:55/close proxy,active,-0.039,-200.0,261.5675,卖出,200.0,51980.0,5.0,25.99,25.99,56.98,31.16,52313.5,-333.5,-421.64,-0.8055,51923.02,,,,,,,,,,,,,,,,,,,,,,,,
2025-03-18,sh.688279,峰岹科技,统一分仓收盘止盈1份,259.9,259.9,-4.78,止盈条件=rising_ma20_break_3pct; 14:55/close proxy,active,0.4103,-200.0,239.1,卖出,200.0,51980.0,5.0,25.99,25.99,56.98,27.97,47820.0,4160.0,4075.05,8.5167,51923.02,,,,,,,,,,,,,,,,,,,,,,,,
2025-03-19,sh.688279,峰岹科技,统一尾仓收盘退出,260.29,260.29,-9.56,止盈条件=maximum_profit_half; 14:55/close proxy,active,0.8363,-400.0,239.1,卖出,400.0,104116.0,8.85,52.06,52.06,112.97,55.95,95640.0,8476.0,8307.08,8.6807,104003.03,,,,,,,,,,,,,,,,,,,,,,,,
2025-03-31,sh.688408,中信博,左侧网格买入,54.444,54.44369537206992,1.09,L9; 价值线网格第9份; intraday_cross,exited,-0.001,200.0,54.44369537206992,买入,200.0,10888.74,5.0,0.0,5.44,10.44,0.0,,,-10.44,-0.0959,-10899.18,2.0,False,True,200.0,8.0,66.84257532961831,left,,,,,,,,,,,,,,,,,
2025-04-07,sh.688408,中信博,左侧网格买入,49.25,49.25,1.97,L10; 价值线网格第10份; gap_or_open_fill,exited,-0.0015,400.0,49.25,买入,400.0,19700.0,5.0,0.0,9.85,14.85,0.0,,,-14.85,-0.0754,-19714.85,2.0,False,True,200.0,9.0,66.84257532961831,left,,,,,,,,,,,,,,,,,
2025-04-24,sz.301498,乖宝宠物,右侧买入,118.75,118.75,29.69,R14; 33未三日下行首仓; 强趋势收盘放量突破21日收盘高点; 突破位止损; close_confirmed,exited,-0.0174,2500.0,118.75,买入,2500.0,296875.0,25.23,0.0,148.44,173.67,0.0,,,-173.67,-0.0585,-297048.67,30.0,False,True,100.0,,,,基本面硬条件通过且多周期强度居前；20日强度+20.5%；60日强度+10.4%；120日强度+61.2%；距120日高点+0.0%；MA20/MA60同步上扬；收盘站上MA20；距离21日收盘高点3%以内；量能高于5/10日基准1.25倍；多周期均量扣低走高,12.0,MA20/MA60同步上扬；收盘站上MA20；距离21日收盘高点3%以内；量能高于5/10日基准1.25倍；多周期均量扣低走高,trade_ready,aligned,strong_trend_breakout,7.0,"['primary:strong_trend_breakout', 'ma20_ma60_strong_trend', 'durable_price_leadership', 'volume_confirmed']",,,,,,,,,
2025-04-25,sz.301498,乖宝宠物,突破次日确认持有,113.95,113.95,0.0,R14; 开盘仍在102.870上方,exited,0.0,0.0,,状态,0.0,0.0,0.0,0.0,0.0,0.0,0.0,,,,,0.0,,,,,,,,,,,,,,,,,,,,,,,,
2025-05-06,sz.301498,乖宝宠物,止损清仓,106.82,106.82,-29.69,R14; hard space stop 106.875; gap_stop,exited,-3.0115,-2500.0,118.75,卖出,2500.0,267050.0,22.7,133.53,133.53,289.75,173.67,296875.0,-29825.0,-30288.42,-10.1965,266760.25,,,,,,,,,,,,,,,,,,,,,,,,
2025-05-06,sh.688019,安集科技,右侧买入,110.97,110.97,28.85,R15; 33未三日下行首仓; 强趋势收盘放量突破21日收盘高点; 突破位止损; close_confirmed,exited,-0.0169,2600.0,110.97,买入,2600.0,288522.0,24.52,0.0,144.26,168.79,0.0,,,-168.79,-0.0585,-288690.79,30.0,False,True,200.0,,,,基本面硬条件通过且多周期强度居前；20日强度+10.1%；60日强度+26.7%；120日强度+24.8%；距120日高点+0.0%；MA20/MA60同步上扬；收盘站上MA20；距离21日收盘高点3%以内；多周期均量扣低走高,10.0,MA20/MA60同步上扬；收盘站上MA20；距离21日收盘高点3%以内；多周期均量扣低走高,trade_ready,aligned,strong_trend_breakout,8.0,"['primary:strong_trend_breakout', 'ma20_ma60_strong_trend', 'durable_price_leadership', 'volume_confirmed', 'gap_up']",,,,,,,,,
2025-05-07,sh.688019,安集科技,突破次日确认持有,110.8,110.8,0.0,R15; 开盘仍在108.850上方,exited,0.0,0.0,,状态,0.0,0.0,0.0,0.0,0.0,0.0,0.0,,,,,0.0,,,,,,,,,,,,,,,,,,,,,,,,
2025-05-09,sh.688019,安集科技,收盘条件退出,108.42,108.42,-28.85,R15; condition stop; 14:55/close proxy,watch,-0.6936,-2600.0,110.97,卖出,2600.0,281892.0,23.96,140.95,140.95,305.85,168.79,288522.0,-6630.0,-7104.64,-2.461,281586.15,,,,,,,,,,,,,,,,,,,,,,,,
2025-05-16,sz.002891,中宠股份,右侧买入,63.44,63.44,29.82,R16; 33未三日下行首仓; 强趋势收盘放量突破21日收盘高点; 突破位止损; close_confirmed,active,-0.0174,4700.0,63.44,买入,4700.0,298168.0,25.34,0.0,149.08,174.43,0.0,,,-174.43,-0.0585,-298342.43,30.0,False,True,100.0,,,,基本面硬条件通过且多周期强度居前；20日强度+42.1%；60日强度+78.0%；120日强度+86.0%；距120日高点+0.0%；MA20/MA60同步上扬；收盘站上MA20；距离21日收盘高点3%以内；多周期均量扣低走高,10.0,MA20/MA60同步上扬；收盘站上MA20；距离21日收盘高点3%以内；多周期均量扣低走高,trade_ready,aligned,strong_trend_breakout,7.0,"['primary:strong_trend_breakout', 'ma20_ma60_strong_trend', 'durable_price_leadership', 'volume_confirmed']",,,,,,,,,
2025-05-19,sz.002891,中宠股份,突破次日未确认退出,62.57,62.57,-29.82,R16; 开盘未站上62.680; gap_stop,active,-0.4408,-4700.0,63.44,卖出,4700.0,294079.0,25.0,147.04,147.04,319.08,174.43,298168.0,-4089.0,-4582.5,-1.536,293759.92,,,,,,,,,,,,,,,,,,,,,,,,
2025-05-19,sz.002891,中宠股份,右侧买入,64.6,64.6,29.72,R17; 33未三日下行首仓; 强趋势收盘放量突破21日收盘高点; 突破位止损; close_confirmed,active,-0.0174,4600.0,64.6,买入,4600.0,297160.0,25.26,0.0,148.58,173.84,0.0,,,-173.84,-0.0585,-297333.84,30.0,False,True,100.0,,,,基本面硬条件通过且多周期强度居前；20日强度+40.8%；60日强度+81.4%；120日强度+89.4%；距120日高点+0.0%；MA20/MA60同步上扬；收盘站上MA20；距离21日收盘高点3%以内；量能高于5/10日基准1.24倍；多周期均量扣低走高,12.0,MA20/MA60同步上扬；收盘站上MA20；距离21日收盘高点3%以内；量能高于5/10日基准1.24倍；多周期均量扣低走高,trade_ready,aligned,strong_trend_breakout,7.0,"['primary:strong_trend_breakout', 'ma20_ma60_strong_trend', 'durable_price_leadership', 'volume_confirmed']",,,,,,,,,
2025-05-20,sz.002891,中宠股份,突破次日确认持有,64.03,64.03,0.0,R17; 开盘仍在63.440上方,active,0.0,0.0,,状态,0.0,0.0,0.0,0.0,0.0,0.0,0.0,,,,,0.0,,,,,,,,,,,,,,,,,,,,,,,,
2025-05-21,sz.002891,中宠股份,收盘条件退出,63.09,63.09,-29.72,R17; condition stop; 14:55/close proxy,active,-0.7261,-4600.0,64.6,卖出,4600.0,290214.0,24.67,145.11,145.11,314.88,173.84,297160.0,-6946.0,-7434.72,-2.5005,289899.12,,,,,,,,,,,,,,,,,,,,,,,,
2025-05-27,sz.002311,海大集团,右侧买入,57.79,57.79,29.47,R18; 33未三日下行首仓; 强趋势收盘放量突破21日收盘高点; 突破位止损; close_confirmed,active,-0.0172,5100.0,57.79,买入,5100.0,294729.0,25.05,0.0,147.36,172.42,0.0,,,-172.42,-0.0585,-294901.42,30.0,False,True,100.0,,,,基本价值线模型入选；MA20/MA60同步上扬；收盘站上MA20；距离21日收盘高点3%以内；基本面硬条件通过且多周期强度居前；20日强度+12.9%；60日强度+27.2%；120日强度+31.2%；距120日高点+0.0%；MA20/MA60同步上扬；收盘站上MA20；距离21日收盘高点3%以内,9.0,MA20/MA60同步上扬；收盘站上MA20；距离21日收盘高点3%以内,trade_ready,aligned,strong_trend_breakout,7.0,"['primary:strong_trend_breakout', 'ma20_ma60_strong_trend', 'durable_price_leadership', 'volume_confirmed']",,,,,,,,,
2025-05-28,sz.002311,海大集团,突破次日确认持有,57.22,57.22,0.0,R18; 开盘仍在57.090上方,active,0.0,0.0,,状态,0.0,0.0,0.0,0.0,0.0,0.0,0.0,,,,,0.0,,,,,,,,,,,,,,,,,,,,,,,,
2025-05-29,sz.002311,海大集团,收盘条件退出,57.02,57.02,-29.47,R18; condition stop; 14:55/close proxy,active,-0.4243,-5100.0,57.79,卖出,5100.0,290802.0,24.72,145.4,145.4,315.52,172.42,294729.0,-3927.0,-4414.94,-1.4971,290486.48,,,,,,,,,,,,,,,,,,,,,,,,
2025-06-04,sz.002891,中宠股份,右侧买入,71.61,71.61,29.36,R19; 33未三日下行首仓; 强趋势收盘放量突破21日收盘高点; 突破位止损; close_confirmed,active,-0.0172,4100.0,71.61,买入,4100.0,293601.0,24.96,0.0,146.8,171.76,0.0,,,-171.76,-0.0585,-293772.76,30.0,False,True,100.0,,,,基本面硬条件通过且多周期强度居前；20日强度+17.5%；60日强度+72.9%；120日强度+101.8%；距120日高点-4.2%；MA20/MA60同步上扬；收盘站上MA20；量能高于5/10日基准1.32倍；多周期均量扣低走高,9.0,MA20/MA60同步上扬；收盘站上MA20；量能高于5/10日基准1.32倍；多周期均量扣低走高,trade_ready,aligned,strong_trend_breakout,7.0,"['primary:strong_trend_breakout', 'ma20_ma60_strong_trend', 'durable_price_leadership', 'volume_confirmed']",,,,,,,,,
2025-06-05,sz.002891,中宠股份,突破次日确认持有,71.61,71.61,0.0,R19; 开盘仍在68.460上方,active,0.0,0.0,,状态,0.0,0.0,0.0,0.0,0.0,0.0,0.0,,,,,0.0,,,,,,,,,,,,,,,,,,,,,,,,
2025-06-06,sz.002891,中宠股份,止损清仓,64.449,64.449,-29.36,R19; hard space stop 64.449; intraday_stop,active,-2.9647,-4100.0,71.61,卖出,4100.0,264240.9,22.46,132.12,132.12,286.7,171.76,293601.0,-29360.1,-29818.56,-10.1502,263954.2,,,,,,,,,,,,,,,,,,,,,,,,
2025-06-09,sz.300502,新易盛,右侧买入,71.96,71.96,29.5,R20; 33未三日下行首仓; 强趋势收盘放量突破21日收盘高点; 突破位止损; close_confirmed,active,-0.0173,4100.0,71.96,买入,4100.0,295036.0,25.08,0.0,147.52,172.6,0.0,,,-172.6,-0.0585,-295208.6,30.0,False,True,100.0,,,,基本面硬条件通过且多周期强度居前；20日强度+29.9%；60日强度+50.9%；120日强度+19.5%；距120日高点-0.9%；MA20/MA60同步上扬；收盘站上MA20；距离21日收盘高点3%以内,9.0,MA20/MA60同步上扬；收盘站上MA20；距离21日收盘高点3%以内,trade_ready,aligned,strong_trend_breakout,8.0,"['primary:strong_trend_breakout', 'ma20_ma60_strong_trend', 'durable_price_leadership', 'volume_confirmed', 'gap_up']",,,,,,,,,
2025-06-10,sz.300502,新易盛,突破次日未确认退出,70.77,70.77,-29.5,R20; 开盘未站上71.140; gap_stop,active,-0.5194,-4100.0,71.96,卖出,4100.0,290157.0,24.66,145.08,145.08,314.82,172.6,295036.0,-4879.0,-5366.42,-1.8178,289842.18,,,,,,,,,,,,,,,,,,,,,,,,
2025-06-10,sz.300476,胜宏科技,右侧买入,103.94,103.94,29.1,R21; 33未三日下行首仓; 强趋势收盘放量突破21日收盘高点; 突破位止损; close_confirmed,active,-0.017,2800.0,103.94,买入,2800.0,291032.0,24.74,0.0,145.52,170.25,0.0,,,-170.25,-0.0585,-291202.25,30.0,False,True,100.0,,,,基本面硬条件通过且多周期强度居前；20日强度+30.5%；60日强度+56.5%；120日强度+131.8%；距120日高点-0.2%；MA20/MA60同步上扬；收盘站上MA20；距离21日收盘高点3%以内；多周期均量扣低走高,10.0,MA20/MA60同步上扬；收盘站上MA20；距离21日收盘高点3%以内；多周期均量扣低走高,trade_ready,aligned,strong_trend_breakout,7.0,"['primary:strong_trend_breakout', 'ma20_ma60_strong_trend', 'durable_price_leadership', 'volume_confirmed']",,,,,,,,,
2025-06-11,sz.300476,胜宏科技,突破次日确认持有,104.36,104.36,0.0,R21; 开盘仍在100.360上方,active,0.0,0.0,,状态,0.0,0.0,0.0,0.0,0.0,0.0,0.0,,,,,0.0,,,,,,,,,,,,,,,,,,,,,,,,
2025-06-27,sz.300502,新易盛,右侧买入,87.87,87.87,29.88,R22; 33未三日下行首仓; 强趋势收盘放量突破21日收盘高点; 突破位止损; close_confirmed,exited,-0.0175,3400.0,87.87,买入,3400.0,298758.0,25.39,0.0,149.38,174.77,0.0,,,-174.77,-0.0585,-298932.77,30.0,False,True,100.0,,,,基本面硬条件通过且多周期强度居前；20日强度+38.0%；60日强度+72.5%；120日强度+34.6%；距120日高点+0.0%；MA20/MA60同步上扬；收盘站上MA20；距离21日收盘高点3%以内；量能高于5/10日基准1.21倍,11.0,MA20/MA60同步上扬；收盘站上MA20；距离21日收盘高点3%以内；量能高于5/10日基准1.21倍,trade_ready,aligned,strong_trend_breakout,7.0,"['primary:strong_trend_breakout', 'ma20_ma60_strong_trend', 'durable_price_leadership', 'volume_confirmed']",,,,,,,,,
2025-06-30,sz.300502,新易盛,突破次日确认持有,88.96,88.96,0.0,R22; 开盘仍在83.320上方,exited,0.0,0.0,,状态,0.0,0.0,0.0,0.0,0.0,0.0,0.0,,,,,0.0,,,,,,,,,,,,,,,,,,,,,,,,
2025-07-03,sz.300476,胜宏科技,右侧买入,141.76,141.76,8.51,R23; 浮盈加仓33%; 强趋势收盘放量突破21日收盘高点; 突破位止损; close_confirmed,exited,-0.005,600.0,141.76,买入,600.0,85056.0,7.23,0.0,42.53,49.76,0.0,,,-49.76,-0.0585,-85105.76,9.701066666666666,False,True,100.0,,,,基本面硬条件通过且多周期强度居前；20日强度+55.0%；60日强度+67.5%；120日强度+191.4%；距120日高点-2.2%；MA20/MA60同步上扬；收盘站上MA20；距离21日收盘高点3%以内,9.0,MA20/MA60同步上扬；收盘站上MA20；距离21日收盘高点3%以内,trade_ready,aligned,strong_trend_breakout,8.0,"['primary:strong_trend_breakout', 'ma20_ma60_strong_trend', 'durable_price_leadership', 'volume_confirmed', 'gap_up']",,,,,,,,,
2025-07-04,sz.300476,胜宏科技,突破次日确认持有,143.07,143.07,0.0,R23; 开盘仍在136.710上方,exited,0.0,0.0,,状态,0.0,0.0,0.0,0.0,0.0,0.0,0.0,,,,,0.0,,,,,,,,,,,,,,,,,,,,,,,,
2025-07-09,sz.300476,胜宏科技,加仓批次合并,151.72,151.72,0.0,R23; 浮盈达到10%,watch,0.0,0.0,,状态,0.0,0.0,0.0,0.0,0.0,0.0,0.0,,,,,0.0,,,,,,,,,,,,,,,,,,,,,,,,
2025-07-15,sz.300502,新易盛,右侧买入,112.05,112.05,8.96,R24; 浮盈加仓33%; 强趋势收盘放量突破21日收盘高点; 突破位止损; close_confirmed,active,-0.0052,800.0,112.05,买入,800.0,89640.0,7.62,0.0,44.82,52.44,0.0,,,-52.44,-0.0585,-89692.44,9.9586,False,True,100.0,,,,基本面硬条件通过且多周期强度居前；20日强度+22.7%；60日强度+134.2%；120日强度+70.0%；距120日高点-3.4%；MA20/MA60同步上扬；收盘站上MA20,6.0,MA20/MA60同步上扬；收盘站上MA20,watch,aligned,strong_trend_breakout,8.0,"['primary:strong_trend_breakout', 'ma20_ma60_strong_trend', 'durable_price_leadership', 'volume_confirmed', 'gap_up']",,,,,,,,,
2025-07-16,sz.300502,新易盛,突破次日确认持有,115.36,115.36,0.0,R24; 开盘仍在96.700上方,active,0.0,0.0,,状态,0.0,0.0,0.0,0.0,0.0,0.0,0.0,,,,,0.0,,,,,,,,,,,,,,,,,,,,,,,,
2025-07-18,sz.300502,新易盛,加仓批次合并,130.06,130.06,0.0,R24; 浮盈达到10%,active,0.0,0.0,,状态,0.0,0.0,0.0,0.0,0.0,0.0,0.0,,,,,0.0,,,,,,,,,,,,,,,,,,,,,,,,
2025-07-22,sz.300476,胜宏科技,统一分仓收盘止盈1份,152.1,152.1,-6.24,止盈条件=trailing_10; 14:55/close proxy,active,2.8797,-600.0,103.94,卖出,600.0,91260.0,7.76,45.63,45.63,99.02,36.48,62364.0,28896.0,28760.5,46.0902,91160.98,,,,,,,,,,,,,,,,,,,,,,,,
2025-07-23,sz.300476,胜宏科技,右侧买入,148.155,148.15500000000003,13.33,R25; 浮盈加仓50%; 上涨波段75.0%拉回支撑; 共振=MA20; intraday_cross,active,-0.0078,900.0,148.15500000000003,买入,900.0,133339.5,11.33,0.0,66.67,78.0,0.0,,,-78.0,-0.0585,-133417.5,15.6862,True,False,100.0,,,,基本面硬条件通过且多周期强度居前；20日强度+31.4%；60日强度+101.2%；120日强度+202.4%；距120日高点-9.9%；MA20/MA60同步上扬；收盘站上MA20；多周期均量扣低走高,7.0,MA20/MA60同步上扬；收盘站上MA20；多周期均量扣低走高,trade_ready,aligned,uptrend_support_pullback,7.0,"['primary:uptrend_support_pullback', 'volume_confirmed', 'deduction_low_price_volume_ma20', 'large_wave_structure']",,0.75,72.54,173.36,2025-04-30,2025-07-18,,,
2025-07-29,sz.300476,胜宏科技,加仓批次合并,188.03,188.03,0.0,R25; 浮盈达到10%,active,0.0,0.0,,状态,0.0,0.0,0.0,0.0,0.0,0.0,0.0,,,,,0.0,,,,,,,,,,,,,,,,,,,,,,,,
2025-08-04,sz.300502,新易盛,统一分仓收盘止盈1份,131.62,131.62,-7.03,止盈条件=volume_node_break:2025-07-29; 14:55/close proxy,active,3.4886,-800.0,87.87,卖出,800.0,105296.0,8.95,52.65,52.65,114.25,41.12,70296.0,35000.0,34844.63,49.5395,105181.75,,,,,,,,,,,,,,,,,,,,,,,,
2025-09-02,sz.300502,新易盛,统一分仓收盘止盈1份,255.53,255.53,-7.03,止盈条件=trailing_10; 14:55/close proxy,active,13.3906,-800.0,87.87,卖出,800.0,204424.0,17.38,102.21,102.21,221.8,41.12,70296.0,134128.0,133865.08,190.3192,204202.2,,,,,,,,,,,,,,,,,,,,,,,,
2025-09-04,sz.300476,胜宏科技,统一分仓收盘止盈1份,244.91,244.91,-9.35,止盈条件=volume_node_break:2025-08-29; 14:55/close proxy,active,12.6634,-900.0,103.94,卖出,900.0,220419.0,18.74,110.21,110.21,239.15,54.72,93546.0,126873.0,126579.12,135.2331,220179.85,,,,,,,,,,,,,,,,,,,,,,,,
2025-09-04,sz.300502,新易盛,右侧买入,231.92,231.92000000000002,11.6,R26; 浮盈加仓50%; 上涨波段75.0%拉回支撑; 共振=MA10; intraday_cross,active,-0.0068,500.0,231.92000000000002,买入,500.0,115960.0,9.86,0.0,57.98,67.84,0.0,,,-67.84,-0.0585,-116027.84,12.3903,False,True,100.0,,,,主流标准基本面模型入选；MA20/MA60同步上扬；收盘站上MA20；多周期均量扣低走高；基本面硬条件通过且多周期强度居前；20日强度+98.3%；60日强度+275.9%；120日强度+453.7%；距120日高点-4.8%；MA20/MA60同步上扬；收盘站上MA20；多周期均量扣低走高,7.0,MA20/MA60同步上扬；收盘站上MA20；多周期均量扣低走高,trade_ready,aligned,uptrend_support_pullback,7.0,"['primary:uptrend_support_pullback', 'volume_confirmed', 'large_wave_structure', 'gap_up']",通信设备,0.75,69.29,286.13,2025-06-12,2025-09-02,,,
2025-09-08,sz.300502,新易盛,收盘条件退出,224.35,224.35,-11.6,R26; condition stop; 14:55/close proxy,active,-0.3907,-500.0,231.92000000000002,卖出,500.0,112175.0,9.53,56.09,56.09,121.71,67.84,115960.0,-3785.0,-3974.55,-3.4255,112053.29,,,,,,,,,,,,,,,,,,,,,,,,
2025-09-09,sz.300476,胜宏科技,统一分仓收盘止盈1份,257.83,257.83,-9.35,止盈条件=volume_node_break:2025-09-05; 14:55/close proxy,exited,13.8249,-900.0,103.94,卖出,900.0,232047.0,19.72,116.02,116.02,251.77,54.72,93546.0,138501.0,138194.5,147.6426,231795.23,,,,,,,,,,,,,,,,,,,,,,,,
2025-09-11,sz.300476,胜宏科技,右侧买入,335.83,335.83,6.72,R27; 浮盈加仓33%; 强趋势收盘放量突破21日收盘高点; 突破位止损; close_confirmed,exited,-0.0039,200.0,335.83,买入,200.0,67166.0,5.71,0.0,33.58,39.29,0.0,,,-39.29,-0.0585,-67205.29,8.665716666666668,False,True,100.0,,,,基本面硬条件通过且多周期强度居前；20日强度+22.1%；60日强度+148.4%；120日强度+243.0%；距120日高点-1.7%；MA20/MA60同步上扬；收盘站上MA20；距离21日收盘高点3%以内；多周期均量扣低走高,10.0,MA20/MA60同步上扬；收盘站上MA20；距离21日收盘高点3%以内；多周期均量扣低走高,trade_ready,aligned,strong_trend_breakout,8.0,"['primary:strong_trend_breakout', 'ma20_ma60_strong_trend', 'durable_price_leadership', 'volume_confirmed', 'gap_up']",,,,,,,,,
2025-09-12,sz.300476,胜宏科技,突破次日确认持有,317.95,317.95,0.0,R27; 开盘仍在293.900上方,exited,0.0,0.0,,状态,0.0,0.0,0.0,0.0,0.0,0.0,0.0,,,,,0.0,,,,,,,,,,,,,,,,,,,,,,,,
2025-09-23,sz.300476,胜宏科技,止损清仓,302.247,302.247,-6.72,R27; hard space stop 302.247; intraday_stop,exited,-0.6782,-200.0,335.83,卖出,200.0,60449.4,5.14,30.22,30.22,65.59,39.29,67166.0,-6716.6,-6821.48,-10.1502,60383.81,,,,,,,,,,,,,,,,,,,,,,,,
2025-09-23,sz.300502,新易盛,右侧买入,251.82,251.82,7.55,R28; 浮盈加仓33%; 回调波段50%收盘放量向上突破; 跳空向上加分; close_confirmed,exited,-0.0044,300.0,251.82,买入,300.0,75546.0,6.42,0.0,37.77,44.19,0.0,,,-44.19,-0.0585,-75590.19,8.2602,False,True,100.0,,,,主流标准基本面模型入选；MA20/MA60同步上扬；贴近上扬MA20支撑；基本面硬条件通过且多周期强度居前；20日强度+15.8%；60日强度+170.0%；120日强度+391.3%；距120日高点-11.7%；MA20/MA60同步上扬；贴近上扬MA20支撑,6.0,MA20/MA60同步上扬；贴近上扬MA20支撑,watch,aligned,pullback_50_breakout,9.0,"['primary:pullback_50_breakout', 'volume_confirmed', 'large_wave_structure', 'gap_up']",通信设备,0.5,119.55,286.13,2025-07-24,2025-09-02,True,210.56,2025-09-08
2025-09-24,sz.300502,新易盛,突破次日未确认退出,245.41,245.41,-7.55,R28; 开盘未站上248.345; gap_stop,exited,-0.2003,-300.0,251.82,卖出,300.0,73623.0,6.26,36.81,36.81,79.88,44.19,75546.0,-1923.0,-2047.08,-2.7081,73543.12,,,,,,,,,,,,,,,,,,,,,,,,
2025-09-25,sz.300476,胜宏科技,统一分仓收盘止盈1份,297.47,297.47,-11.25,止盈条件=volume_node_break:2025-09-11; 14:55/close proxy,exited,15.4977,-900.0,124.95111111111112,卖出,900.0,267723.0,22.76,133.86,133.86,290.48,65.79,112456.0,155267.0,154910.73,137.6718,267432.52,,,,,,,,,,,,,,,,,,,,,,,,
2025-09-26,sh.688019,安集科技,右侧买入,171.32,171.32,27.41,R29; 33未三日下行首仓; 强趋势收盘放量突破21日收盘高点; 突破位止损; close_confirmed,exited,-0.016,1600.0,171.32,买入,1600.0,274112.0,23.3,0.0,137.06,160.36,0.0,,,-160.36,-0.0585,-274272.36,30.0,False,True,200.0,,,,基本面硬条件通过且多周期强度居前；20日强度+22.6%；60日强度+42.1%；120日强度+76.1%；距120日高点-0.1%；MA20/MA60同步上扬；收盘站上MA20；距离21日收盘高点3%以内,9.0,MA20/MA60同步上扬；收盘站上MA20；距离21日收盘高点3%以内,trade_ready,aligned,strong_trend_breakout,7.0,"['primary:strong_trend_breakout', 'ma20_ma60_strong_trend', 'durable_price_leadership', 'volume_confirmed']",,,,,,,,,
2025-09-29,sh.688019,安集科技,突破次日确认持有,170.67,170.67,0.0,R29; 开盘仍在167.780上方,exited,0.0,0.0,,状态,0.0,0.0,0.0,0.0,0.0,0.0,0.0,,,,,0.0,,,,,,,,,,,,,,,,,,,,,,,,
2025-10-10,sh.688019,安集科技,收盘条件退出,167.02,167.02,-27.41,R29; condition stop; 14:55/close proxy,exited,-0.717,-1600.0,171.32,卖出,1600.0,267232.0,22.71,133.62,133.62,289.95,160.36,274112.0,-6880.0,-7330.3,-2.6726,266942.05,,,,,,,,,,,,,,,,,,,,,,,,
2025-10-13,sz.002056,横店东磁,右侧买入,21.0,21.0,19.95,R30; 33三日下行试错首仓; 强趋势收盘放量突破21日收盘高点; 突破位止损; close_confirmed,exited,-0.0117,9500.0,21.0,买入,9500.0,199500.0,16.96,0.0,99.75,116.71,0.0,,,-116.71,-0.0585,-199616.71,20.0,False,True,100.0,,,,基本价值线模型入选；MA20/MA60同步上扬；收盘站上MA20；距离21日收盘高点3%以内；多周期均量扣低走高；基本面硬条件通过且多周期强度居前；20日强度+17.9%；60日强度+42.3%；120日强度+65.2%；距120日高点-1.8%；MA20/MA60同步上扬；收盘站上MA20；距离21日收盘高点3%以内；多周期均量扣低走高,10.0,MA20/MA60同步上扬；收盘站上MA20；距离21日收盘高点3%以内；多周期均量扣低走高,trade_ready,aligned,strong_trend_breakout,7.0,"['primary:strong_trend_breakout', 'ma20_ma60_strong_trend', 'durable_price_leadership', 'volume_confirmed']",,,,,,,,,
2025-10-14,sz.002056,横店东磁,突破次日确认持有,21.12,21.12,0.0,R30; 开盘仍在20.280上方,exited,0.0,0.0,,状态,0.0,0.0,0.0,0.0,0.0,0.0,0.0,,,,,0.0,,,,,,,,,,,,,,,,,,,,,,,,
2025-10-14,sz.300476,胜宏科技,统一尾仓收盘退出,249.51,249.51,-14.75,止盈条件=maximum_profit_half; 14:55/close proxy,exited,10.1724,-1000.0,147.51550000000003,卖出,1000.0,249510.0,21.21,124.76,124.76,270.72,86.3,147515.5,101994.5,101637.49,68.8592,249239.28,,,,,,,,,,,,,,,,,,,,,,,,
2025-10-14,sz.300502,新易盛,统一分仓收盘止盈1份,225.78,225.78,-7.03,止盈条件=rising_ma20_break_3pct; 14:55/close proxy,exited,11.0132,-800.0,87.87,卖出,800.0,180624.0,15.35,90.31,90.31,195.98,41.12,70296.0,110328.0,110090.9,156.5189,180428.02,,,,,,,,,,,,,,,,,,,,,,,,
2025-10-17,sz.002056,横店东磁,收盘条件退出,19.61,19.61,-19.95,R30; condition stop; 14:55/close proxy,watch,-1.3407,-9500.0,21.0,卖出,9500.0,186295.0,15.84,93.15,93.15,202.13,116.71,199500.0,-13205.0,-13523.84,-6.7749,186092.87,,,,,,,,,,,,,,,,,,,,,,,,
2025-10-21,sz.002028,思源电气,右侧买入,122.33,122.33,29.36,R31; 33未三日下行首仓; 强趋势收盘放量突破21日收盘高点; 突破位止损; close_confirmed,active,-0.0172,2400.0,122.33,买入,2400.0,293592.0,24.96,0.0,146.8,171.75,0.0,,,-171.75,-0.0585,-293763.75,30.0,False,True,100.0,,,,基本面硬条件通过且多周期强度居前；20日强度+22.5%；60日强度+50.1%；120日强度+54.9%；距120日高点+0.0%；MA20/MA60同步上扬；收盘站上MA20；距离21日收盘高点3%以内；量能高于5/10日基准1.35倍；多周期均量扣低走高,12.0,MA20/MA60同步上扬；收盘站上MA20；距离21日收盘高点3%以内；量能高于5/10日基准1.35倍；多周期均量扣低走高,trade_ready,aligned,strong_trend_breakout,7.0,"['primary:strong_trend_breakout', 'ma20_ma60_strong_trend', 'durable_price_leadership', 'volume_confirmed']",,,,,,,,,
2025-10-22,sz.002028,思源电气,突破次日确认持有,121.88,121.88,0.0,R31; 开盘仍在113.990上方,active,0.0,0.0,,状态,0.0,0.0,0.0,0.0,0.0,0.0,0.0,,,,,0.0,,,,,,,,,,,,,,,,,,,,,,,,
2025-10-27,sz.300502,新易盛,右侧买入,288.16,288.16,5.76,R32; 浮盈加仓33%; W底收盘放量突破颈线; close_confirmed,active,-0.0034,200.0,288.16,买入,200.0,57632.0,5.0,0.0,28.82,33.82,0.0,,,-33.82,-0.0587,-57665.82,5.917,False,True,100.0,,,,基本面硬条件通过且多周期强度居前；20日强度+7.9%；60日强度+115.8%；120日强度+451.0%；距120日高点-4.0%；MA20/MA60同步上扬；收盘站上MA20；量能高于5/10日基准1.28倍；多周期均量扣低走高,9.0,MA20/MA60同步上扬；收盘站上MA20；量能高于5/10日基准1.28倍；多周期均量扣低走高,trade_ready,aligned,w_bottom_neckline,8.0,"['primary:w_bottom_neckline', 'volume_confirmed', 'gap_up']",,,,,,,,,
2025-10-28,sz.300502,新易盛,突破次日未确认退出,281.78,281.78,-5.76,R32; 开盘未站上284.350; gap_stop,active,-0.1337,-200.0,288.16,卖出,200.0,56356.0,5.0,28.18,28.18,61.36,33.82,57632.0,-1276.0,-1371.17,-2.3778,56294.64,,,,,,,,,,,,,,,,,,,,,,,,
2025-11-04,sz.002028,思源电气,右侧买入,142.29,142.29,8.54,R33; 浮盈加仓33%; 强趋势收盘放量突破21日收盘高点; 突破位止损; close_confirmed,active,-0.005,600.0,142.29,买入,600.0,85374.0,7.26,0.0,42.69,49.94,0.0,,,-49.94,-0.0585,-85423.94,9.7864,False,True,100.0,,,,基本面硬条件通过且多周期强度居前；20日强度+31.9%；60日强度+72.5%；120日强度+92.0%；距120日高点+0.0%；MA20/MA60同步上扬；收盘站上MA20；距离21日收盘高点3%以内；量能高于5/10日基准1.44倍；多周期均量扣低走高,12.0,MA20/MA60同步上扬；收盘站上MA20；距离21日收盘高点3%以内；量能高于5/10日基准1.44倍；多周期均量扣低走高,trade_ready,aligned,strong_trend_breakout,7.0,"['primary:strong_trend_breakout', 'ma20_ma60_strong_trend', 'durable_price_leadership', 'volume_confirmed']",,,,,,,,,
2025-11-05,sz.002028,思源电气,突破次日确认持有,137.42,137.42,0.0,R33; 开盘仍在135.430上方,active,0.0,0.0,,状态,0.0,0.0,0.0,0.0,0.0,0.0,0.0,,,,,0.0,,,,,,,,,,,,,,,,,,,,,,,,
2025-11-05,sz.002028,思源电气,统一分仓收盘止盈1份,139.42,139.42,-4.89,止盈条件=volume_node_break:2025-11-03; 14:55/close proxy,active,0.6775,-400.0,122.33,卖出,400.0,55768.0,5.0,27.88,27.88,60.77,28.63,48932.0,6836.0,6746.61,13.7797,55707.23,,,,,,,,,,,,,,,,,,,,,,,,
2025-11-12,sz.002028,思源电气,统一分仓收盘止盈1份,143.3,143.3,-6.12,止盈条件=volume_node_break:2025-11-06; 14:55/close proxy,active,1.0407,-500.0,122.33,卖出,500.0,71650.0,6.09,35.83,35.83,77.74,35.78,61165.0,10485.0,10371.48,16.9466,71572.26,,,,,,,,,,,,,,,,,,,,,,,,
2025-11-14,sh.688408,中信博,左侧网格卖出,54.444,54.44369537206992,-1.97,L10; 上一格卖出; intraday_cross,active,0.2051,-400.0,49.25,卖出,400.0,21777.48,5.0,10.89,10.89,26.78,14.85,19700.0,2077.48,2035.85,10.3265,21750.7,,,,,9.0,66.84257532961831,left,,,,,,,,,,,,,,,,,
2025-11-20,sz.002028,思源电气,收盘条件退出,140.9,140.9,-8.54,R33; entry time condition; 14:55/close proxy,active,-0.0926,-600.0,142.29,卖出,600.0,84540.0,7.19,42.27,42.27,91.73,49.94,85374.0,-834.0,-975.67,-1.1422,84448.27,,,,,,,,,,,,,,,,,,,,,,,,
2025-11-20,sz.002028,思源电气,统一分仓收盘止盈1份,140.9,140.9,-6.12,止盈条件=volume_node_break:2025-11-13; 14:55/close proxy,active,0.9209,-500.0,122.33,卖出,500.0,70450.0,5.99,35.23,35.23,76.44,35.78,61165.0,9285.0,9172.78,14.988,70373.56,,,,,,,,,,,,,,,,,,,,,,,,
2025-11-21,sz.002028,思源电气,统一分仓收盘止盈1份,135.21,135.21,-6.12,止盈条件=trailing_10; 14:55/close proxy,active,0.6367,-500.0,122.33,卖出,500.0,67605.0,5.75,33.8,33.8,73.35,35.78,61165.0,6440.0,6330.87,10.3444,67531.65,,,,,,,,,,,,,,,,,,,,,,,,
2025-11-24,sz.002028,思源电气,统一尾仓收盘退出,135.92,135.92,-6.12,止盈条件=maximum_profit_half; 14:55/close proxy,active,0.6721,-500.0,122.33,卖出,500.0,67960.0,5.78,33.98,33.98,73.74,35.78,61165.0,6795.0,6685.48,10.9239,67886.26,,,,,,,,,,,,,,,,,,,,,,,,
2025-11-24,sz.300502,新易盛,统一分仓收盘止盈1份,209.01,209.01,-7.91,止盈条件=volume_node_break:2025-09-05; 14:55/close proxy,active,10.8822,-900.0,87.87,卖出,900.0,188109.0,15.99,94.05,94.05,204.1,46.26,79083.0,109026.0,108775.64,137.4658,187904.9,,,,,,,,,,,,,,,,,,,,,,,,
2025-12-01,sz.000893,亚钾国际,右侧买入,44.85,44.85,19.73,R34; 33三日下行试错首仓; 强趋势收盘放量突破21日收盘高点; 突破位止损; close_confirmed,exited,-0.0115,4400.0,44.85,买入,4400.0,197340.0,16.77,0.0,98.67,115.44,0.0,,,-115.44,-0.0585,-197455.44,20.0,False,True,100.0,,,,基本面硬条件通过且多周期强度居前；20日强度+5.7%；60日强度+34.7%；120日强度+46.1%；距120日高点+0.0%；MA20/MA60同步上扬；收盘站上MA20；距离21日收盘高点3%以内,9.0,MA20/MA60同步上扬；收盘站上MA20；距离21日收盘高点3%以内,trade_ready,aligned,strong_trend_breakout,8.0,"['primary:strong_trend_breakout', 'ma20_ma60_strong_trend', 'durable_price_leadership', 'volume_confirmed', 'gap_up']",,,,,,,,,
2025-12-02,sz.000893,亚钾国际,突破次日确认持有,45.0,45.0,0.0,R34; 开盘仍在44.050上方,exited,0.0,0.0,,状态,0.0,0.0,0.0,0.0,0.0,0.0,0.0,,,,,0.0,,,,,,,,,,,,,,,,,,,,,,,,
2025-12-10,sz.000893,亚钾国际,收盘条件退出,46.83,46.83,-19.73,R34; entry time condition; 14:55/close proxy,exited,0.8488,-4400.0,44.85,卖出,4400.0,206052.0,17.51,103.03,103.03,223.57,115.44,197340.0,8712.0,8372.99,4.2404,205828.43,,,,,,,,,,,,,,,,,,,,,,,,
2025-12-11,sz.000408,藏格矿业,右侧买入,70.77,70.77,19.82,R35; 33三日下行试错首仓; 强趋势收盘放量突破21日收盘高点; 突破位止损; close_confirmed,exited,-0.0116,2800.0,70.77,买入,2800.0,198156.0,16.84,0.0,99.08,115.92,0.0,,,-115.92,-0.0585,-198271.92,20.0,False,True,100.0,,,,基本面硬条件通过且多周期强度居前；20日强度+23.8%；60日强度+25.4%；120日强度+75.0%；距120日高点+0.0%；MA20/MA60同步上扬；收盘站上MA20；距离21日收盘高点3%以内；多周期均量扣低走高,10.0,MA20/MA60同步上扬；收盘站上MA20；距离21日收盘高点3%以内；多周期均量扣低走高,trade_ready,aligned,strong_trend_breakout,8.0,"['primary:strong_trend_breakout', 'ma20_ma60_strong_trend', 'durable_price_leadership', 'volume_confirmed', 'gap_up']",,,,,,,,,
2025-12-12,sz.000408,藏格矿业,突破次日确认持有,71.56,71.56,0.0,R35; 开盘仍在68.820上方,exited,0.0,0.0,,状态,0.0,0.0,0.0,0.0,0.0,0.0,0.0,,,,,0.0,,,,,,,,,,,,,,,,,,,,,,,,
2025-12-22,sz.000408,藏格矿业,右侧买入,78.53,78.53,6.28,R36; 浮盈加仓33%; 强趋势收盘放量突破21日收盘高点; 突破位止损; close_confirmed,exited,-0.0037,800.0,78.53,买入,800.0,62824.0,5.34,0.0,31.41,36.75,0.0,,,-36.75,-0.0585,-62860.75,6.6052,False,True,100.0,,,,基本面硬条件通过且多周期强度居前；20日强度+35.7%；60日强度+48.4%；120日强度+93.4%；距120日高点+0.0%；MA20/MA60同步上扬；收盘站上MA20；距离21日收盘高点3%以内；量能高于5/10日基准1.24倍；多周期均量扣低走高,12.0,MA20/MA60同步上扬；收盘站上MA20；距离21日收盘高点3%以内；量能高于5/10日基准1.24倍；多周期均量扣低走高,trade_ready,aligned,strong_trend_breakout,7.0,"['primary:strong_trend_breakout', 'ma20_ma60_strong_trend', 'durable_price_leadership', 'volume_confirmed']",,,,,,,,,
2025-12-23,sz.000408,藏格矿业,突破次日确认持有,78.57,78.57,0.0,R36; 开盘仍在78.440上方,exited,0.0,0.0,,状态,0.0,0.0,0.0,0.0,0.0,0.0,0.0,,,,,0.0,,,,,,,,,,,,,,,,,,,,,,,,
2025-12-23,sz.000408,藏格矿业,收盘条件退出,78.41,78.41,-6.28,R36; condition stop; 14:55/close proxy,exited,-0.0164,-800.0,78.53,卖出,800.0,62728.0,5.33,31.36,31.36,68.06,36.75,62824.0,-96.0,-200.81,-0.3195,62659.94,,,,,,,,,,,,,,,,,,,,,,,,
2025-12-26,sz.000408,藏格矿业,右侧买入,83.88,83.88,5.87,R37; 浮盈加仓33%; 强趋势收盘放量突破21日收盘高点; 突破位止损; close_confirmed,watch,-0.0034,700.0,83.88,买入,700.0,58716.0,5.0,0.0,29.36,34.36,0.0,,,-34.36,-0.0585,-58750.36,6.6052,False,True,100.0,,,,基本面硬条件通过且多周期强度居前；20日强度+32.2%；60日强度+47.2%；120日强度+85.2%；距120日高点-0.3%；MA20/MA60同步上扬；收盘站上MA20；距离21日收盘高点3%以内,9.0,MA20/MA60同步上扬；收盘站上MA20；距离21日收盘高点3%以内,trade_ready,aligned,strong_trend_breakout,8.0,"['primary:strong_trend_breakout', 'ma20_ma60_strong_trend', 'durable_price_leadership', 'volume_confirmed', 'gap_up']",,,,,,,,,
2025-12-29,sz.000408,藏格矿业,突破次日确认持有,86.01,86.01,0.0,R37; 开盘仍在78.530上方,watch,0.0,0.0,,状态,0.0,0.0,0.0,0.0,0.0,0.0,0.0,,,,,0.0,,,,,,,,,,,,,,,,,,,,,,,,
2026-01-06,sh.603993,洛阳钼业,右侧买入,21.38,21.38,29.93,R38; 33未三日下行首仓; 强趋势收盘放量突破21日收盘高点; 突破位止损; close_confirmed,active,-0.0175,14000.0,21.38,买入,14000.0,299320.0,25.44,0.0,149.66,175.1,0.0,,,-175.1,-0.0585,-299495.1,30.0,False,True,100.0,,,,主流标准基本面模型入选；MA20/MA60同步上扬；收盘站上MA20；距离21日收盘高点3%以内；多周期均量扣低走高；基本面硬条件通过且多周期强度居前；20日强度+14.2%；60日强度+18.3%；120日强度+153.5%；距120日高点+0.0%；MA20/MA60同步上扬；收盘站上MA20；距离21日收盘高点3%以内；多周期均量扣低走高,10.0,MA20/MA60同步上扬；收盘站上MA20；距离21日收盘高点3%以内；多周期均量扣低走高,trade_ready,aligned,strong_trend_breakout,8.0,"['primary:strong_trend_breakout', 'ma20_ma60_strong_trend', 'durable_price_leadership', 'volume_confirmed', 'gap_up']",工业金属,,,,,,,,
2026-01-07,sh.603993,洛阳钼业,突破次日确认持有,21.59,21.59,0.0,R38; 开盘仍在20.150上方,active,0.0,0.0,,状态,0.0,0.0,0.0,0.0,0.0,0.0,0.0,,,,,0.0,,,,,,,,,,,,,,,,,,,,,,,,
2026-01-15,sz.000408,藏格矿业,收盘条件退出,89.06,89.06,-5.87,R37; entry time condition; 14:55/close proxy,active,0.3558,-700.0,83.88,卖出,700.0,62342.0,5.3,31.17,31.17,67.64,34.36,58716.0,3626.0,3524.0,5.9983,62274.36,,,,,,,,,,,,,,,,,,,,,,,,
2026-01-22,sh.603993,洛阳钼业,统一分仓收盘止盈1份,22.38,22.38,-5.99,止盈条件=profit_floor; 14:55/close proxy,active,0.2732,-2800.0,21.38,卖出,2800.0,62664.0,5.33,31.33,31.33,67.99,35.02,59864.0,2800.0,2696.99,4.5026,62596.01,,,,,,,,,,,,,,,,,,,,,,,,
2026-01-30,sh.603993,洛阳钼业,统一分仓收盘止盈2份,23.99,23.99,-11.97,"止盈条件=trailing_10,volume_node_break:2026-01-28; 14:55/close proxy",active,1.447,-5600.0,21.38,卖出,5600.0,134344.0,11.42,67.17,67.17,145.76,70.04,119728.0,14616.0,14400.2,12.0204,134198.24,,,,,,,,,,,,,,,,,,,,,,,,
2026-01-30,sz.000408,藏格矿业,统一分仓收盘止盈2份,84.83,84.83,-7.78,"止盈条件=rising_ma20_break_3pct,trailing_10; 14:55/close proxy",active,1.5365,-1100.0,70.77,卖出,1100.0,93313.0,7.93,46.66,46.66,101.24,45.54,77847.0,15466.0,15319.21,19.6671,93211.76,,,,,,,,,,,,,,,,,,,,,,,,
2026-02-02,sh.603993,洛阳钼业,统一分仓收盘止盈1份,21.78,21.78,-5.99,止盈条件=rising_ma20_break_3pct; 14:55/close proxy,active,0.1054,-2800.0,21.38,卖出,2800.0,60984.0,5.18,30.49,30.49,66.17,35.02,59864.0,1120.0,1018.81,1.7009,60917.83,,,,,,,,,,,,,,,,,,,,,,,,
2026-02-02,sz.000408,藏格矿业,统一分仓收盘止盈1份,80.38,80.38,-3.54,止盈条件=volume_node_break:2026-01-29; 14:55/close proxy,active,0.476,-500.0,70.77,卖出,500.0,40190.0,5.0,20.09,20.09,45.19,20.7,35385.0,4805.0,4739.11,13.3852,40144.81,,,,,,,,,,,,,,,,,,,,,,,,
2026-02-03,sh.603993,洛阳钼业,统一尾仓收盘退出,22.81,22.81,-5.99,止盈条件=maximum_profit_half; 14:55/close proxy,active,0.3935,-2800.0,21.38,卖出,2800.0,63868.0,5.43,31.93,31.93,69.3,35.02,59864.0,4004.0,3899.68,6.5104,63798.7,,,,,,,,,,,,,,,,,,,,,,,,
2026-02-04,sz.000719,中原传媒,右侧买入,13.44,13.44,29.97,R39; 33未三日下行首仓; 整理平台收盘放量突破; 平台上沿止损; close_confirmed,active,-0.0175,22300.0,13.44,买入,22300.0,299712.0,25.48,0.0,149.86,175.33,0.0,,,-175.33,-0.0585,-299887.33,30.0,False,True,100.0,,,,主流标准基本面模型入选；MA20/MA60同步上扬；收盘站上MA20；距离21日收盘高点3%以内,9.0,MA20/MA60同步上扬；收盘站上MA20；距离21日收盘高点3%以内,trade_ready,aligned,consolidation_breakout,6.0,"['primary:consolidation_breakout', 'volume_confirmed', 'gap_up']",文化传媒,,,,,,,,
2026-02-05,sz.000719,中原传媒,突破次日确认持有,13.22,13.22,0.0,R39; 开盘仍在13.160上方,active,0.0,0.0,,状态,0.0,0.0,0.0,0.0,0.0,0.0,0.0,,,,,0.0,,,,,,,,,,,,,,,,,,,,,,,,
2026-02-06,sz.000719,中原传媒,收盘条件退出,13.1,13.1,-29.97,R39; condition stop; 14:55/close proxy,active,-0.7899,-22300.0,13.44,卖出,22300.0,292130.0,24.83,146.06,146.06,316.96,175.33,299712.0,-7582.0,-8074.29,-2.6924,291813.04,,,,,,,,,,,,,,,,,,,,,,,,
2026-02-27,sz.001389,广合科技,右侧买入,119.09,119.09,29.77,R40; 33未三日下行首仓; 强趋势收盘放量突破21日收盘高点; 突破位止损; close_confirmed,exited,-0.0174,2500.0,119.09,买入,2500.0,297725.0,25.31,0.0,148.86,174.17,0.0,,,-174.17,-0.0585,-297899.17,30.0,False,True,100.0,,,,主流标准基本面模型入选；MA20/MA60同步上扬；收盘站上MA20；距离21日收盘高点3%以内；基本面硬条件通过且多周期强度居前；20日强度+23.4%；60日强度+80.6%；120日强度+70.2%；距120日高点+0.0%；MA20/MA60同步上扬；收盘站上MA20；距离21日收盘高点3%以内,9.0,MA20/MA60同步上扬；收盘站上MA20；距离21日收盘高点3%以内,trade_ready,aligned,strong_trend_breakout,8.0,"['primary:strong_trend_breakout', 'ma20_ma60_strong_trend', 'durable_price_leadership', 'volume_confirmed', 'gap_up']",元件,,,,,,,,
2026-03-02,sz.001389,广合科技,突破次日未确认退出,116.35,116.35,-29.77,R40; 开盘未站上117.020; gap_stop,exited,-0.7166,-2500.0,119.09,卖出,2500.0,290875.0,24.72,145.44,145.44,315.6,174.17,297725.0,-6850.0,-7339.77,-2.4638,290559.4,,,,,,,,,,,,,,,,,,,,,,,,
2026-03-19,sz.000408,藏格矿业,统一分仓收盘止盈1份,71.21,71.21,-4.25,止盈条件=profit_floor; 14:55/close proxy,watch,0.0216,-600.0,70.77,卖出,600.0,42726.0,5.0,21.36,21.36,47.73,24.84,42462.0,264.0,191.43,0.4506,42678.27,,,,,,,,,,,,,,,,,,,,,,,,
2026-03-20,sz.000408,藏格矿业,统一尾仓收盘退出,71.64,71.64,-4.25,止盈条件=maximum_profit_half; 14:55/close proxy,watch,0.0474,-600.0,70.77,卖出,600.0,42984.0,5.0,21.49,21.49,47.98,24.84,42462.0,522.0,449.18,1.0572,42936.02,,,,,,,,,,,,,,,,,,,,,,,,
2026-03-25,sz.000791,甘肃能源,右侧买入,9.01,9.01,29.91,R41; 33未三日下行首仓; 强趋势收盘放量突破21日收盘高点; 突破位止损; close_confirmed,watch,-0.0175,33200.0,9.01,买入,33200.0,299132.0,25.43,0.0,149.57,174.99,0.0,,,-174.99,-0.0585,-299306.99,30.0,False,True,100.0,,,,主流标准基本面模型入选；MA20/MA60同步上扬；收盘站上MA20；多周期均量扣低走高；基本面硬条件通过且多周期强度居前；20日强度+23.5%；60日强度+28.2%；120日强度+27.6%；距120日高点-5.4%；MA20/MA60同步上扬；收盘站上MA20；多周期均量扣低走高,7.0,MA20/MA60同步上扬；收盘站上MA20；多周期均量扣低走高,trade_ready,aligned,strong_trend_breakout,8.0,"['primary:strong_trend_breakout', 'ma20_ma60_strong_trend', 'durable_price_leadership', 'volume_confirmed', 'gap_up']",电力,,,,,,,,
2026-03-26,sz.000791,甘肃能源,突破次日确认持有,9.01,9.01,0.0,R41; 开盘仍在8.660上方,watch,0.0,0.0,,状态,0.0,0.0,0.0,0.0,0.0,0.0,0.0,,,,,0.0,,,,,,,,,,,,,,,,,,,,,,,,
2026-03-27,sz.000791,甘肃能源,收盘条件退出,8.39,8.39,-29.91,R41; condition stop; 14:55/close proxy,watch,-2.0886,-33200.0,9.01,卖出,33200.0,278548.0,23.68,139.27,139.27,302.22,174.99,299132.0,-20584.0,-21061.22,-7.0367,278245.78,,,,,,,,,,,,,,,,,,,,,,,,
2026-03-31,sz.001337,四川黄金,右侧买入,49.74,49.74,19.9,R42; 33三日下行试错首仓; 上涨波段50%有效跌破后收盘放量收复; 跳空向上加分; close_confirmed,watch,-0.0116,4000.0,49.74,买入,4000.0,198960.0,16.91,0.0,99.48,116.39,0.0,,,-116.39,-0.0585,-199076.39,20.0,False,True,100.0,,,,主流标准基本面模型入选；基本面入选，等待价格/量能买点,0.0,基本面入选，等待价格/量能买点,fundamental_only,needs_price_confirmation,uptrend_50_reclaim,9.0,"['primary:uptrend_50_reclaim', 'volume_confirmed', 'large_wave_structure', 'gap_up']",贵金属,0.5,26.14,72.94,2025-11-18,2026-01-29,True,,
2026-04-01,sz.001337,四川黄金,突破次日确认持有,51.04,51.04,0.0,R42; 开盘仍在49.540上方,exited,0.0,0.0,,状态,0.0,0.0,0.0,0.0,0.0,0.0,0.0,,,,,0.0,,,,,,,,,,,,,,,,,,,,,,,,
2026-04-01,sz.001337,四川黄金,收盘条件退出,49.51,49.51,-19.9,R42; condition stop; 14:55/close proxy,exited,-0.1135,-4000.0,49.74,卖出,4000.0,198040.0,16.83,99.02,99.02,214.87,116.39,198960.0,-920.0,-1251.26,-0.6285,197825.13,,,,,,,,,,,,,,,,,,,,,,,,
2026-04-01,sh.688578,艾力斯,右侧买入,98.31,98.31,19.66,R43; 33三日下行试错首仓; W底收盘放量突破颈线; close_confirmed,exited,-0.0115,2000.0,98.31,买入,2000.0,196620.0,16.71,0.0,98.31,115.02,0.0,,,-115.02,-0.0585,-196735.02,20.0,False,True,200.0,,,,主流标准基本面模型入选；MA20上扬；收盘站上MA20；量能高于5/10日基准1.42倍；多周期均量扣低走高,7.0,MA20上扬；收盘站上MA20；量能高于5/10日基准1.42倍；多周期均量扣低走高,trade_ready,aligned,w_bottom_neckline,7.0,"['primary:w_bottom_neckline', 'volume_confirmed']",化学制药,,,,,,,,
2026-04-02,sh.688578,艾力斯,突破次日确认持有,99.03,99.03,0.0,R43; 开盘仍在97.840上方,exited,0.0,0.0,,状态,0.0,0.0,0.0,0.0,0.0,0.0,0.0,,,,,0.0,,,,,,,,,,,,,,,,,,,,,,,,
2026-04-03,sh.688578,艾力斯,收盘条件退出,96.79,96.79,-19.66,R43; condition stop; 14:55/close proxy,exited,-0.325,-2000.0,98.31,卖出,2000.0,193580.0,16.45,96.79,96.79,210.03,115.02,196620.0,-3040.0,-3365.06,-1.7105,193369.97,,,,,,,,,,,,,,,,,,,,,,,,
2026-04-03,sh.688336,三生国健,右侧买入,63.15,63.15,18.95,R44; 33三日下行试错首仓; 强趋势收盘放量突破21日收盘高点; 突破位止损; close_confirmed,exited,-0.0111,3000.0,63.15,买入,3000.0,189450.0,16.1,0.0,94.73,110.83,0.0,,,-110.83,-0.0585,-189560.83,20.0,False,True,200.0,,,,主流标准基本面模型入选；MA20/MA60同步上扬；收盘站上MA20；距离21日收盘高点3%以内；量能高于5/10日基准1.76倍；多周期均量扣低走高；基本面硬条件通过且多周期强度居前；20日强度+62.5%；60日强度+50.9%；120日强度+61.6%；距120日高点+0.0%；MA20/MA60同步上扬；收盘站上MA20；距离21日收盘高点3%以内；量能高于5/10日基准1.76倍；多周期均量扣低走高,12.0,MA20/MA60同步上扬；收盘站上MA20；距离21日收盘高点3%以内；量能高于5/10日基准1.76倍；多周期均量扣低走高,trade_ready,aligned,strong_trend_breakout,7.0,"['primary:strong_trend_breakout', 'ma20_ma60_strong_trend', 'durable_price_leadership', 'volume_confirmed']",生物制品,,,,,,,,
2026-04-07,sh.688336,三生国健,突破次日未确认退出,61.52,61.52,-18.95,R44; 开盘未站上61.830; gap_stop,exited,-0.509,-3000.0,63.15,卖出,3000.0,184560.0,15.69,92.28,92.28,200.25,110.83,189450.0,-4890.0,-5201.08,-2.7438,184359.75,,,,,,,,,,,,,,,,,,,,,,,,
2026-04-08,sh.688578,艾力斯,右侧买入,98.51,98.51,19.7,R45; 33三日下行试错首仓; W底收盘放量突破颈线; close_confirmed,exited,-0.0115,2000.0,98.51,买入,2000.0,197020.0,16.75,0.0,98.51,115.26,0.0,,,-115.26,-0.0585,-197135.26,20.0,False,True,200.0,,,,主流标准基本面模型入选；MA20上扬；收盘站上MA20,4.0,MA20上扬；收盘站上MA20,watch,aligned,w_bottom_neckline,7.0,"['primary:w_bottom_neckline', 'volume_confirmed']",化学制药,,,,,,,,
2026-04-09,sh.688578,艾力斯,突破次日未确认退出,97.38,97.38,-19.7,R45; 开盘未站上97.840; gap_stop,exited,-0.2471,-2000.0,98.51,卖出,2000.0,194760.0,16.55,97.38,97.38,211.31,115.26,197020.0,-2260.0,-2586.57,-1.3121,194548.69,,,,,,,,,,,,,,,,,,,,,,,,
2026-04-09,sz.001389,广合科技,右侧买入,126.47,126.47,29.09,R46; 33未三日下行首仓; 强趋势收盘放量突破21日收盘高点; 突破位止损; close_confirmed,exited,-0.017,2300.0,126.47,买入,2300.0,290881.0,24.72,0.0,145.44,170.17,0.0,,,-170.17,-0.0585,-291051.17,30.0,False,True,100.0,,,,主流标准基本面模型入选；MA20/MA60同步上扬；收盘站上MA20；距离21日收盘高点3%以内；多周期均量扣低走高；基本面硬条件通过且多周期强度居前；20日强度+4.5%；60日强度+52.4%；120日强度+58.7%；距120日高点+0.0%；MA20/MA60同步上扬；收盘站上MA20；距离21日收盘高点3%以内；多周期均量扣低走高,10.0,MA20/MA60同步上扬；收盘站上MA20；距离21日收盘高点3%以内；多周期均量扣低走高,trade_ready,aligned,strong_trend_breakout,8.0,"['primary:strong_trend_breakout', 'ma20_ma60_strong_trend', 'durable_price_leadership', 'volume_confirmed', 'gap_up']",元件,,,,,,,,
2026-04-10,sz.001389,广合科技,突破次日确认持有,127.35,127.35,0.0,R46; 开盘仍在124.970上方,exited,0.0,0.0,,状态,0.0,0.0,0.0,0.0,0.0,0.0,0.0,,,,,0.0,,,,,,,,,,,,,,,,,,,,,,,,
2026-04-21,sz.001389,广合科技,右侧买入,157.65,157.65,9.46,R47; 浮盈加仓33%; 强趋势收盘放量突破21日收盘高点; 突破位止损; close_confirmed,active,-0.0055,600.0,157.65,买入,600.0,94590.0,8.04,0.0,47.3,55.34,0.0,,,-55.34,-0.0585,-94645.34,9.696033333333332,False,True,100.0,,,,主流标准基本面模型入选；MA20/MA60同步上扬；收盘站上MA20；距离21日收盘高点3%以内；多周期均量扣低走高；基本面硬条件通过且多周期强度居前；20日强度+35.0%；60日强度+80.5%；120日强度+104.1%；距120日高点-0.6%；MA20/MA60同步上扬；收盘站上MA20；距离21日收盘高点3%以内；多周期均量扣低走高,10.0,MA20/MA60同步上扬；收盘站上MA20；距离21日收盘高点3%以内；多周期均量扣低走高,trade_ready,aligned,strong_trend_breakout,7.0,"['primary:strong_trend_breakout', 'ma20_ma60_strong_trend', 'durable_price_leadership', 'volume_confirmed']",元件,,,,,,,,
2026-04-21,sh.688025,杰普特,右侧买入,316.83,316.83,25.35,R48; 33未三日下行首仓; 强趋势收盘放量突破21日收盘高点; 突破位止损; close_confirmed,active,-0.0148,800.0,316.83,买入,800.0,253464.0,21.54,0.0,126.73,148.28,0.0,,,-148.28,-0.0585,-253612.28,30.0,False,True,200.0,,,,基本面硬条件通过且多周期强度居前；20日强度+31.8%；60日强度+104.5%；120日强度+95.6%；距120日高点-1.6%；MA20/MA60同步上扬；收盘站上MA20；距离21日收盘高点3%以内,9.0,MA20/MA60同步上扬；收盘站上MA20；距离21日收盘高点3%以内,trade_ready,aligned,strong_trend_breakout,7.0,"['primary:strong_trend_breakout', 'ma20_ma60_strong_trend', 'durable_price_leadership', 'volume_confirmed']",,,,,,,,,
2026-04-22,sh.688025,杰普特,突破次日确认持有,318.83,318.83,0.0,R48; 开盘仍在283.640上方,active,0.0,0.0,,状态,0.0,0.0,0.0,0.0,0.0,0.0,0.0,,,,,0.0,,,,,,,,,,,,,,,,,,,,,,,,
2026-04-22,sz.001389,广合科技,突破次日确认持有,157.63,157.63,0.0,R47; 开盘仍在148.570上方,active,0.0,0.0,,状态,0.0,0.0,0.0,0.0,0.0,0.0,0.0,,,,,0.0,,,,,,,,,,,,,,,,,,,,,,,,
2026-04-28,sz.001389,广合科技,统一分仓收盘止盈1份,164.46,164.46,-5.06,止盈条件=trailing_10; 14:55/close proxy,active,1.5125,-400.0,126.47,卖出,400.0,65784.0,5.59,32.89,32.89,71.38,29.59,50588.0,15196.0,15095.03,29.8217,65712.62,,,,,,,,,,,,,,,,,,,,,,,,
2026-05-07,sz.001389,广合科技,加仓批次合并,179.67,179.67,0.0,R47; 浮盈达到10%,active,0.0,0.0,,状态,0.0,0.0,0.0,0.0,0.0,0.0,0.0,,,,,0.0,,,,,,,,,,,,,,,,,,,,,,,,
2026-05-15,sh.688025,杰普特,右侧买入,393.96,393.96,7.88,R49; 浮盈加仓33%; 强趋势收盘放量突破21日收盘高点; 突破位止损; close_confirmed,active,-0.0046,200.0,393.96,买入,200.0,78792.0,6.7,0.0,39.4,46.09,0.0,,,-46.09,-0.0585,-78838.09,8.4488,False,True,200.0,,,,主流标准基本面模型入选；MA20/MA60同步上扬；收盘站上MA20；距离21日收盘高点3%以内；多周期均量扣低走高；基本面硬条件通过且多周期强度居前；20日强度+39.2%；60日强度+110.5%；120日强度+155.6%；距120日高点-0.3%；MA20/MA60同步上扬；收盘站上MA20；距离21日收盘高点3%以内；多周期均量扣低走高,10.0,MA20/MA60同步上扬；收盘站上MA20；距离21日收盘高点3%以内；多周期均量扣低走高,trade_ready,aligned,strong_trend_breakout,7.0,"['primary:strong_trend_breakout', 'ma20_ma60_strong_trend', 'durable_price_leadership', 'volume_confirmed']",自动化设备,,,,,,,,
2026-05-18,sh.688025,杰普特,突破次日确认持有,381.19,381.19,0.0,R49; 开盘仍在374.240上方,active,0.0,0.0,,状态,0.0,0.0,0.0,0.0,0.0,0.0,0.0,,,,,0.0,,,,,,,,,,,,,,,,,,,,,,,,
2026-05-21,sh.688025,杰普特,统一分仓收盘止盈1份,379.19,379.19,-6.34,止盈条件=trailing_10; 14:55/close proxy,active,1.239,-200.0,316.83,卖出,200.0,75838.0,6.45,37.92,37.92,82.28,37.07,63366.0,12472.0,12352.65,19.4827,75755.72,,,,,,,,,,,,,,,,,,,,,,,,
2026-05-25,sh.688025,杰普特,加仓批次合并,443.68,443.68,0.0,R49; 浮盈达到10%,active,0.0,0.0,,状态,0.0,0.0,0.0,0.0,0.0,0.0,0.0,,,,,0.0,,,,,,,,,,,,,,,,,,,,,,,,
2026-06-01,sh.688025,杰普特,收盘条件退出,369.04,369.04,-7.88,R49; condition stop; 14:55/close proxy,active,-0.5064,-200.0,393.96,卖出,200.0,73808.0,6.27,36.9,36.9,80.08,46.09,78792.0,-4984.0,-5110.18,-6.4819,73727.92,,,,,,,,,,,,,,,,,,,,,,,,
2026-06-01,sh.688025,杰普特,统一分仓收盘止盈1份,369.04,369.04,-6.34,止盈条件=rising_ma20_break_3pct; 14:55/close proxy,active,1.0362,-200.0,316.83,卖出,200.0,73808.0,6.27,36.9,36.9,80.08,37.07,63366.0,10442.0,10324.85,16.2845,73727.92,,,,,,,,,,,,,,,,,,,,,,,,
2026-06-03,sz.001389,广合科技,统一分仓收盘止盈1份,176.9,176.9,-7.59,止盈条件=rising_ma20_break_3pct; 14:55/close proxy,active,3.0143,-600.0,126.47,卖出,600.0,106140.0,9.02,53.07,53.07,115.16,44.39,75882.0,30258.0,30098.45,39.6416,106024.84,,,,,,,,,,,,,,,,,,,,,,,,
2026-06-30,sz.001389,广合科技,右侧买入,236.6,236.6,7.1,R50; 浮盈加仓33%; 强趋势收盘放量突破21日收盘高点; 突破位止损; close_confirmed,active,-0.0042,300.0,236.6,买入,300.0,70980.0,6.03,0.0,35.49,41.52,0.0,,,-41.52,-0.0585,-71021.52,8.633366666666666,False,True,100.0,,,,主流标准基本面模型入选；MA20/MA60同步上扬；收盘站上MA20；距离21日收盘高点3%以内；量能高于5/10日基准1.54倍；多周期均量扣低走高；基本面硬条件通过且多周期强度居前；20日强度+12.3%；60日强度+88.4%；120日强度+172.8%；距120日高点-0.2%；MA20/MA60同步上扬；收盘站上MA20；距离21日收盘高点3%以内；量能高于5/10日基准1.54倍；多周期均量扣低走高,12.0,MA20/MA60同步上扬；收盘站上MA20；距离21日收盘高点3%以内；量能高于5/10日基准1.54倍；多周期均量扣低走高,trade_ready,aligned,strong_trend_breakout,7.0,"['primary:strong_trend_breakout', 'ma20_ma60_strong_trend', 'durable_price_leadership', 'volume_confirmed']",元件,,,,,,,,
2026-07-01,sz.001389,广合科技,突破次日确认持有,234.55,234.55,0.0,R50; 开盘仍在220.230上方,active,0.0,0.0,,状态,0.0,0.0,0.0,0.0,0.0,0.0,0.0,,,,,0.0,,,,,,,,,,,,,,,,,,,,,,,,
2026-07-01,sz.001389,广合科技,止损清仓,212.94,212.94,-7.1,R50; hard space stop 212.940; intraday_stop,active,-0.7167,-300.0,236.6,卖出,300.0,63882.0,5.43,31.94,31.94,69.31,41.52,70980.0,-7098.0,-7208.84,-10.1502,63812.69,,,,,,,,,,,,,,,,,,,,,,,,
2026-07-02,sh.688025,杰普特,统一分仓收盘止盈1份,386.88,386.88,-6.34,止盈条件=volume_node_break:2026-06-25; 14:55/close proxy,active,1.3926,-200.0,316.83,卖出,200.0,77376.0,6.58,38.69,38.69,83.95,37.07,63366.0,14010.0,13888.98,21.9058,77292.05,,,,,,,,,,,,,,,,,,,,,,,,
2026-07-02,sz.001389,广合科技,统一分仓收盘止盈1份,196.15,196.15,-7.59,止盈条件=volume_node_break:2026-06-26; 14:55/close proxy,active,4.168,-600.0,126.47,卖出,600.0,117690.0,10.0,58.84,58.84,127.69,44.39,75882.0,41808.0,41635.92,54.8372,117562.31,,,,,,,,,,,,,,,,,,,,,,,,
2026-07-03,sh.688025,杰普特,统一尾仓收盘退出,395.0,395.0,-6.34,止盈条件=maximum_profit_half; 14:55/close proxy,active,1.5548,-200.0,316.83,卖出,200.0,79000.0,6.72,39.5,39.5,85.72,37.07,63366.0,15634.0,15511.22,24.4645,78914.29,,,,,,,,,,,,,,,,,,,,,,,,
2026-07-08,sz.002768,国恩股份,右侧买入,60.01,60.01,29.4,R51; 33未三日下行首仓; 强趋势收盘放量突破21日收盘高点; 突破位止损; close_confirmed,active,-0.0172,4900.0,60.01,买入,4900.0,294049.0,24.99,0.0,147.02,172.02,0.0,,,-172.02,-0.0585,-294221.02,30.0,False,True,100.0,,,,基本面硬条件通过且多周期强度居前；20日强度+39.5%；60日强度+76.6%；120日强度+61.9%；距120日高点+0.0%；MA20/MA60同步上扬；收盘站上MA20；距离21日收盘高点3%以内；量能高于5/10日基准1.47倍；多周期均量扣低走高,12.0,MA20/MA60同步上扬；收盘站上MA20；距离21日收盘高点3%以内；量能高于5/10日基准1.47倍；多周期均量扣低走高,trade_ready,aligned,strong_trend_breakout,8.0,"['primary:strong_trend_breakout', 'ma20_ma60_strong_trend', 'durable_price_leadership', 'volume_confirmed', 'gap_up']",,,,,,,,,
2026-07-09,sz.002768,国恩股份,突破次日确认持有,58.5,58.5,0.0,R51; 开盘仍在58.000上方,active,0.0,0.0,,状态,0.0,0.0,0.0,0.0,0.0,0.0,0.0,,,,,0.0,,,,,,,,,,,,,,,,,,,,,,,,
2026-07-10,sz.002768,国恩股份,收盘条件退出,56.85,56.85,-29.4,R51; condition stop; 14:55/close proxy,active,-1.5786,-4900.0,60.01,卖出,4900.0,278565.0,23.68,139.28,139.28,302.24,172.02,294049.0,-15484.0,-15958.26,-5.4239,278262.76,,,,,,,,,,,,,,,,,,,,,,,,
2026-07-14,sh.688072,拓荆科技,右侧买入,850.01,850.01,17.0,R52; 33未三日下行首仓; 强趋势收盘放量突破21日收盘高点; 突破位止损; close_confirmed,active,-0.0099,200.0,850.01,买入,200.0,170002.0,14.45,0.0,85.0,99.45,0.0,,,-99.45,-0.0585,-170101.45,30.0,False,True,200.0,,,,主流标准基本面模型入选；MA20/MA60同步上扬；收盘站上MA20；距离21日收盘高点3%以内；量能高于5/10日基准2.33倍；多周期均量扣低走高；基本面硬条件通过且多周期强度居前；20日强度+34.6%；60日强度+118.4%；120日强度+139.5%；距120日高点+0.0%；MA20/MA60同步上扬；收盘站上MA20；距离21日收盘高点3%以内；量能高于5/10日基准2.33倍；多周期均量扣低走高,12.0,MA20/MA60同步上扬；收盘站上MA20；距离21日收盘高点3%以内；量能高于5/10日基准2.33倍；多周期均量扣低走高,trade_ready,aligned,strong_trend_breakout,7.0,"['primary:strong_trend_breakout', 'ma20_ma60_strong_trend', 'durable_price_leadership', 'volume_confirmed']",半导体,,,,,,,,
